Lattice Timing Report -  Setup  and Hold, Version Radiant Software (64-bit) 2025.1.0.39.0

Tue Dec  2 03:27:45 2025

Copyright (c) 1991-1994 by NeoCAD Inc. All rights reserved.
Copyright (c) 1995 AT&T Corp.   All rights reserved.
Copyright (c) 1995-2001 Lucent Technologies Inc.  All rights reserved.
Copyright (c) 2001 Agere Systems   All rights reserved.
Copyright (c) 2002-2025 Lattice Semiconductor Corporation,  All rights reserved.

Command line:    timing -sethld -v 10 -u 10 -endpoints 10 -nperend 1 -sp High-Performance_1.2V -hsp m -pwrprd -html -rpt proj_fft_fft.twr proj_fft_fft.udb -gui -msgset C:/Users/User/Desktop/proj_fft/promote.xml

-----------------------------------------
Design:          vgatop
Family:          iCE40UP
Device:          iCE40UP5K
Package:         SG48
Performance:     High-Performance_1.2V
Package Status:                     Preliminary    Version 1.5
**Performance Hardware Data Status :   Advanced Version 1.0
-----------------------------------------


=====================================================================
                    Table of Contents
=====================================================================
    1  Timing Overview
        1.1  SDC Constraints
        1.2  Constraint Coverage
        1.3  Overall Summary
        1.4  Unconstrained Report
        1.5  Combinational Loop
    2  Setup at Speed Grade High-Performance_1.2V Corner at 100 Degrees
        2.1  Clock Summary
        2.2  Endpoint slacks
        2.3  Detailed Report
    3  Hold at Speed Grade m Corner at -40 Degrees
        3.1  Endpoint slacks
        3.2  Detailed Report

=====================================================================
                    End of Table of Contents
=====================================================================

==============================================
1  Timing Overview
==============================================

1.1  SDC Constraints
=====================
create_clock -name {pllclk/clk_ref} -period 20.8333 [get_pins {pllclk/u_hsosc/CLKHF }] 
create_generated_clock -name {pll_clk_internal} -source [get_pins {pllclk/u_pll/REFERENCECLK}] -multiply_by 17 -divide_by 32 [get_pins {pllclk/u_pll/OUTGLOBAL }] 

1.2  Constraint Coverage
---------------------------
Constraint Coverage: 34.5497%


1.3  Overall Summary
---------------------------
 Setup at Speed Grade High-Performance_1.2V Corner at 100 Degrees     Timing Errors: 0 endpoints;  Total Negative Slack: 0.000 ns 
 Hold at Speed Grade m Corner at -40 Degrees                          Timing Errors: 0 endpoints;  Total Negative Slack: 0.000 ns 

1.4  Unconstrained Report
===========================

1.4.1  Unconstrained Start/End Points
--------------------------------------

Clocked but unconstrained timing start points
-------------------------------------------------------------------
        Listing 10 Start Points         |           Type           
-------------------------------------------------------------------
score/hcount_d2__i9/Q                   |          No required time
score/hcount_d2__i8/Q                   |          No required time
score/hcount_d2__i7/Q                   |          No required time
score/hcount_d2__i6/Q                   |          No required time
score/active_d2_c/Q                     |          No required time
score/vcount_d2__i1/Q                   |          No required time
score/vcount_d2__i2/Q                   |          No required time
score/hcount_d2__i5/Q                   |          No required time
score/hcount_d2__i4/Q                   |          No required time
score/hcount_d2__i3/Q                   |          No required time
-------------------------------------------------------------------
                                        |                          
Number of unconstrained timing start po |                          
ints                                    |                        45
                                        |                          
-------------------------------------------------------------------

Clocked but unconstrained timing end points
-------------------------------------------------------------------
         Listing 10 End Points          |           Type           
-------------------------------------------------------------------
{score/hcount_d1__i1/SR   score/hcount_d1__i0/SR}                           
                                        |           No arrival time
{score/hcount_d2__i9/SR   score/hcount_d2__i8/SR}                           
                                        |           No arrival time
{score/hcount_d2__i7/SR   score/hcount_d2__i6/SR}                           
                                        |           No arrival time
score/active_d2_c/SR                    |           No arrival time
{score/vcount_d2__i1/SR   score/vcount_d2__i2/SR}                           
                                        |           No arrival time
{score/vcount_d1__i2/SR   score/vcount_d1__i3/SR}                           
                                        |           No arrival time
{score/hcount_d2__i5/SR   score/hcount_d2__i4/SR}                           
                                        |           No arrival time
{score/hcount_d2__i3/SR   score/hcount_d2__i2/SR}                           
                                        |           No arrival time
{score/hcount_d2__i1/SR   score/hcount_d2__i0/SR}                           
                                        |           No arrival time
{score/vcount_d1__i1/SR   score/vcount_d1__i0/SR}                           
                                        |           No arrival time
-------------------------------------------------------------------
                                        |                          
Number of unconstrained timing end poin |                          
ts                                      |                        33
                                        |                          
-------------------------------------------------------------------

1.4.2  Start/End Points Without Timing Constraints
---------------------------------------------------

I/O ports without constraint
----------------------------
Possible constraints to use on I/O ports are:
set_input_delay,
set_output_delay,
set_max_delay,
create_clock,
create_generated_clock,
...

-------------------------------------------------------------------
     Listing 6 Start or End Points      |           Type           
-------------------------------------------------------------------
reset                                   |                     input
vsync                                   |                    output
hsync                                   |                    output
vga_rgb[2]                              |                    output
vga_rgb[1]                              |                    output
vga_rgb[0]                              |                    output
-------------------------------------------------------------------
                                        |                          
Number of I/O ports without constraint  |                         6
                                        |                          
-------------------------------------------------------------------

Nets without clock definition
Define a clock on a top level port or a generated clock on a clock divider pin associated with this net(s).
--------------------------------------------------
There is no instance satisfying reporting criteria



1.5  Combinational Loop
========================
None

===============================================================
2  Setup at Speed Grade High-Performance_1.2V Corner at 100 Degrees
===============================================================

2.1  Clock Summary
=======================

2.1.1 Clock "pll_clk_internal"
=======================
create_generated_clock -name {pll_clk_internal} -source [get_pins {pllclk/u_pll/REFERENCECLK}] -multiply_by 17 -divide_by 32 [get_pins {pllclk/u_pll/OUTGLOBAL }] 

Single Clock Domain
-------------------------------------------------------------------------------------------------------
         Clock pll_clk_internal         |                    |       Period       |     Frequency      
-------------------------------------------------------------------------------------------------------
 From pll_clk_internal                  |             Target |          39.216 ns |         25.500 MHz 
                                        | Actual (all paths) |          34.710 ns |         28.810 MHz 
-------------------------------------------------------------------------------------------------------

Clock Domain Crossing
------------------------------------------------------------------------------------------------------
         Clock pll_clk_internal         |   Worst Time Between Edges   |           Comment            
------------------------------------------------------------------------------------------------------
 From pllclk/clk_ref                    |                         ---- |                      No path 
------------------------------------------------------------------------------------------------------

2.1.2 Clock "pllclk/clk_ref"
=======================
create_clock -name {pllclk/clk_ref} -period 20.8333 [get_pins {pllclk/u_hsosc/CLKHF }] 

Single Clock Domain
-------------------------------------------------------------------------------------------------------
          Clock pllclk/clk_ref          |                    |       Period       |     Frequency      
-------------------------------------------------------------------------------------------------------
 From pllclk/clk_ref                    |             Target |          20.833 ns |         48.000 MHz 
                                        | Actual (all paths) |          20.792 ns |         48.095 MHz 
pllclk/u_hsosc/CLKHF (MPW)              |   (50% duty cycle) |          20.792 ns |         48.095 MHz 
-------------------------------------------------------------------------------------------------------

Clock Domain Crossing
------------------------------------------------------------------------------------------------------
          Clock pllclk/clk_ref          |   Worst Time Between Edges   |           Comment            
------------------------------------------------------------------------------------------------------
 From pll_clk_internal                  |                         ---- |                      No path 
------------------------------------------------------------------------------------------------------

2.2  Endpoint slacks
=======================
-------------------------------------------------------
          Listing 10 End Points          |    Slack    
-------------------------------------------------------
score/clef_rom/addr_d1__i13/D            |    4.506 ns 
score/clef_rom/addr_d1__i12/D            |    4.783 ns 
score/clef_rom/addr_d1__i11/D            |    5.060 ns 
score/clef_rom/addr_d1__i10/D            |    5.337 ns 
score/clef_rom/addr_d1__i9/D             |    6.169 ns 
score/clef_rom/addr_d1__i8/D             |    6.446 ns 
score/clef_rom/addr_d1__i7/D             |    7.222 ns 
score/clef_rom/addr_d1__i6/D             |    7.499 ns 
score/clef_rom/addr_d1__i5/D             |    8.517 ns 
score/clef_rom/addr_d1__i4/D             |   10.031 ns 
-------------------------------------------------------
                                         |             
Setup # of endpoints with negative slack:|           0 
                                         |             
-------------------------------------------------------

2.3  Detailed Report
=======================


XXXXXXXXXXXXXXXXXXXXXXXXXXXXXXXXXXXXXXXXXXXXXXXXXXXXXXXXXX

Detail report of critical paths

XXXXXXXXXXXXXXXXXXXXXXXXXXXXXXXXXXXXXXXXXXXXXXXXXXXXXXXXXX

 +++++++++++++++++++++++++++++++++++++++++++++++++++++++++++++++++++++
                    Detailed Report for timing paths 
 +++++++++++++++++++++++++++++++++++++++++++++++++++++++++++++++++++++

 ++++Path 1  ++++++++++++++++++++++++++++++++++++++++++++++++++++++++++

Path Begin       : vgactrl/vcount_704__i1/Q  (SLICE_R6C14B)
Path End         : score/clef_rom/addr_d1__i13/D  (SLICE_R2C13B)
Source Clock     : pll_clk_internal (R)
Destination Clock: pll_clk_internal (R)
Logic Level      : 16
Delay Ratio      : 71.4% (route), 28.6% (logic)
Clock Skew       : 0.000 ns 
Setup Constraint : 39.215 ns 
Path Slack       : 4.505 ns  (Passed)


Source Clock Path
Name                                      Cell/Site Name     Delay Name           Incr      Arrival/Required Time  Fanout  
----------------------------------------  -----------------  -------------------  --------  ---------------------  ------  
pllclk.u_hsosc/CLKHF                      HFOSC_HFOSC_R1C32  CLOCK LATENCY           0.000                  0.000  2       
pllclk/clk_ref                                               NET DELAY               4.957                  4.957  2       
pllclk/u_pll/REFERENCECLK->pllclk/u_pll/OUTGLOBAL
                                          PLL_PLL_R13C32                             0.000                  4.957  61      
pllclk/u_pll/REFERENCECLK->pllclk/u_pll/OUTGLOBAL (TOTAL_ADJUSTMENTS)
                                          PLL_PLL_R13C32                             0.150                  5.107  61      
pllclk/pll_clk_internal                                      NET DELAY               5.499                 10.606  61      
{vgactrl/vcount_704__i0/CK   vgactrl/vcount_704__i1/CK}
                                                             CLOCK PIN               0.000                 10.606  1       


Data Path
Name                                      Cell/Site Name     Delay Name           Incr      Arrival/Required Time  Fanout  
----------------------------------------  -----------------  -------------------  --------  ---------------------  ------  
vgactrl/vcount_704__i1/CK->vgactrl/vcount_704__i1/Q
                                          SLICE_R6C14B       CLK_TO_Q1_DELAY         1.388                 11.994  12      
vgactrl/vcount[1]                                            NET DELAY               3.463                 15.457  12      
vgactrl/i1_2_lut_adj_8/A->vgactrl/i1_2_lut_adj_8/Z
                                          SLICE_R10C13C      D0_TO_F0_DELAY          0.449                 15.906  1       
vgactrl/n4_c                                                 NET DELAY               3.080                 18.986  1       
vgactrl/i2_4_lut/D->vgactrl/i2_4_lut/Z    SLICE_R8C13A       B1_TO_F1_DELAY          0.449                 19.435  2       
vgactrl/n5680                                                NET DELAY               3.278                 22.713  2       
vgactrl/i1_2_lut_adj_15/B->vgactrl/i1_2_lut_adj_15/Z
                                          SLICE_R6C14A       D0_TO_F0_DELAY          0.476                 23.189  1       
vgactrl/n4                                                   NET DELAY               0.304                 23.493  1       
score/i3215_4_lut/D->score/i3215_4_lut/Z  SLICE_R6C14A       C1_TO_F1_DELAY          0.449                 23.942  2       
score/n3680                                                  NET DELAY               2.763                 26.705  2       
score/i4_4_lut/A->score/i4_4_lut/Z        SLICE_R5C12D       D1_TO_F1_DELAY          0.449                 27.154  15      
score/n219                                                   NET DELAY               3.675                 30.829  15      
score/n1482_bdd_4_lut_7/D->score/n1482_bdd_4_lut_7/Z
                                          SLICE_R3C13A       B0_TO_F0_DELAY          0.476                 31.305  1       
score/n7855                                                  NET DELAY               0.304                 31.609  1       
score/n7855_bdd_4_lut/A->score/n7855_bdd_4_lut/Z
                                          SLICE_R3C13A       C1_TO_F1_DELAY          0.449                 32.058  1       
score/n7858                                                  NET DELAY               2.763                 34.821  1       
score/mult_153/A2->score/mult_153/O4      DSP_DSP_R1C11      A_TO_O_DELAY            3.056                 37.877  1       
score/n350[4]                                                NET DELAY               3.807                 41.684  1       
score/add_74_add_5_5/B1->score/add_74_add_5_5/CO1
                                          SLICE_R2C12C       B1_TO_COUT1_DELAY       0.357                 42.041  2       
score/n5174                                                  NET DELAY               0.000                 42.041  2       
score/add_74_add_5_7/CI0->score/add_74_add_5_7/CO0
                                          SLICE_R2C12D       CIN0_TO_COUT0_DELAY     0.277                 42.318  2       
score/n8600                                                  NET DELAY               0.000                 42.318  2       
score/add_74_add_5_7/CI1->score/add_74_add_5_7/CO1
                                          SLICE_R2C12D       CIN1_TO_COUT1_DELAY     0.277                 42.595  2       
score/n5176                                                  NET DELAY               0.555                 43.150  2       
score/add_74_add_5_9/CI0->score/add_74_add_5_9/CO0
                                          SLICE_R2C13A       CIN0_TO_COUT0_DELAY     0.277                 43.427  2       
score/n8603                                                  NET DELAY               0.000                 43.427  2       
score/add_74_add_5_9/CI1->score/add_74_add_5_9/CO1
                                          SLICE_R2C13A       CIN1_TO_COUT1_DELAY     0.277                 43.704  2       
score/n5178                                                  NET DELAY               0.000                 43.704  2       
score/add_74_add_5_11/CI0->score/add_74_add_5_11/CO0
                                          SLICE_R2C13B       CIN0_TO_COUT0_DELAY     0.277                 43.981  2       
score/n8606                                                  NET DELAY               0.661                 44.642  2       
score/add_74_add_5_11/D1->score/add_74_add_5_11/S1
                                          SLICE_R2C13B       D1_TO_F1_DELAY          0.476                 45.118  1       
score/clef_rom/n62[10]                                       NET DELAY               0.000                 45.118  1       
score/clef_rom/addr_d1__i13/D                                ENDPOINT                0.000                 45.118  1       


Destination Clock Path
Name                                      Cell/Site Name     Delay Name           Incr      Arrival/Required Time  Fanout  
----------------------------------------  -----------------  -------------------  --------  ---------------------  ------  
                                                             CONSTRAINT              0.000                 39.215  1       
pllclk.u_hsosc/CLKHF                      HFOSC_HFOSC_R1C32  CLOCK LATENCY           0.000                 39.215  2       
pllclk/clk_ref                                               NET DELAY               4.957                 44.172  2       
pllclk/u_pll/REFERENCECLK->pllclk/u_pll/OUTGLOBAL
                                          PLL_PLL_R13C32                             0.000                 44.172  61      
pllclk/u_pll/REFERENCECLK->pllclk/u_pll/OUTGLOBAL (TOTAL_ADJUSTMENTS)
                                          PLL_PLL_R13C32                             0.150                 44.322  61      
pllclk/pll_clk_internal                                      NET DELAY               5.499                 49.821  61      
{score/clef_rom/addr_d1__i12/CK   score/clef_rom/addr_d1__i13/CK}
                                                             CLOCK PIN               0.000                 49.821  1       
                                                             Uncertainty          -(0.000)                 49.821  
                                                             Setup time           -(0.198)                 49.623  
----------------------------------------  -----------------  -------------------  --------  ---------------------  ------  
Required Time                                                                                              49.623  
Arrival Time                                                                                            -(45.118)  
----------------------------------------  -----------------  -------------------  --------  ---------------------  ------  
Path Slack  (Passed)                                                                                        4.505  




++++ Path 2 ++++++++++++++++++++++++++++++++++++++++++++++++++++++++++ 

Path Begin       : vgactrl/vcount_704__i1/Q  (SLICE_R6C14B)
Path End         : score/clef_rom/addr_d1__i12/D  (SLICE_R2C13B)
Source Clock     : pll_clk_internal (R)
Destination Clock: pll_clk_internal (R)
Logic Level      : 15
Delay Ratio      : 72.0% (route), 28.0% (logic)
Clock Skew       : 0.000 ns 
Setup Constraint : 39.215 ns 
Path Slack       : 4.782 ns  (Passed)


Source Clock Path
Name                                      Cell/Site Name     Delay Name           Incr      Arrival/Required Time  Fanout  
----------------------------------------  -----------------  -------------------  --------  ---------------------  ------  
pllclk.u_hsosc/CLKHF                      HFOSC_HFOSC_R1C32  CLOCK LATENCY           0.000                  0.000  2       
pllclk/clk_ref                                               NET DELAY               4.957                  4.957  2       
pllclk/u_pll/REFERENCECLK->pllclk/u_pll/OUTGLOBAL
                                          PLL_PLL_R13C32                             0.000                  4.957  61      
pllclk/u_pll/REFERENCECLK->pllclk/u_pll/OUTGLOBAL (TOTAL_ADJUSTMENTS)
                                          PLL_PLL_R13C32                             0.150                  5.107  61      
pllclk/pll_clk_internal                                      NET DELAY               5.499                 10.606  61      
{vgactrl/vcount_704__i0/CK   vgactrl/vcount_704__i1/CK}
                                                             CLOCK PIN               0.000                 10.606  1       


Data Path
Name                                      Cell/Site Name     Delay Name           Incr      Arrival/Required Time  Fanout  
----------------------------------------  -----------------  -------------------  --------  ---------------------  ------  
vgactrl/vcount_704__i1/CK->vgactrl/vcount_704__i1/Q
                                          SLICE_R6C14B       CLK_TO_Q1_DELAY         1.388                 11.994  12      
vgactrl/vcount[1]                                            NET DELAY               3.463                 15.457  12      
vgactrl/i1_2_lut_adj_8/A->vgactrl/i1_2_lut_adj_8/Z
                                          SLICE_R10C13C      D0_TO_F0_DELAY          0.449                 15.906  1       
vgactrl/n4_c                                                 NET DELAY               3.080                 18.986  1       
vgactrl/i2_4_lut/D->vgactrl/i2_4_lut/Z    SLICE_R8C13A       B1_TO_F1_DELAY          0.449                 19.435  2       
vgactrl/n5680                                                NET DELAY               3.278                 22.713  2       
vgactrl/i1_2_lut_adj_15/B->vgactrl/i1_2_lut_adj_15/Z
                                          SLICE_R6C14A       D0_TO_F0_DELAY          0.476                 23.189  1       
vgactrl/n4                                                   NET DELAY               0.304                 23.493  1       
score/i3215_4_lut/D->score/i3215_4_lut/Z  SLICE_R6C14A       C1_TO_F1_DELAY          0.449                 23.942  2       
score/n3680                                                  NET DELAY               2.763                 26.705  2       
score/i4_4_lut/A->score/i4_4_lut/Z        SLICE_R5C12D       D1_TO_F1_DELAY          0.449                 27.154  15      
score/n219                                                   NET DELAY               3.675                 30.829  15      
score/n1482_bdd_4_lut_7/D->score/n1482_bdd_4_lut_7/Z
                                          SLICE_R3C13A       B0_TO_F0_DELAY          0.476                 31.305  1       
score/n7855                                                  NET DELAY               0.304                 31.609  1       
score/n7855_bdd_4_lut/A->score/n7855_bdd_4_lut/Z
                                          SLICE_R3C13A       C1_TO_F1_DELAY          0.449                 32.058  1       
score/n7858                                                  NET DELAY               2.763                 34.821  1       
score/mult_153/A2->score/mult_153/O4      DSP_DSP_R1C11      A_TO_O_DELAY            3.056                 37.877  1       
score/n350[4]                                                NET DELAY               3.807                 41.684  1       
score/add_74_add_5_5/B1->score/add_74_add_5_5/CO1
                                          SLICE_R2C12C       B1_TO_COUT1_DELAY       0.357                 42.041  2       
score/n5174                                                  NET DELAY               0.000                 42.041  2       
score/add_74_add_5_7/CI0->score/add_74_add_5_7/CO0
                                          SLICE_R2C12D       CIN0_TO_COUT0_DELAY     0.277                 42.318  2       
score/n8600                                                  NET DELAY               0.000                 42.318  2       
score/add_74_add_5_7/CI1->score/add_74_add_5_7/CO1
                                          SLICE_R2C12D       CIN1_TO_COUT1_DELAY     0.277                 42.595  2       
score/n5176                                                  NET DELAY               0.555                 43.150  2       
score/add_74_add_5_9/CI0->score/add_74_add_5_9/CO0
                                          SLICE_R2C13A       CIN0_TO_COUT0_DELAY     0.277                 43.427  2       
score/n8603                                                  NET DELAY               0.000                 43.427  2       
score/add_74_add_5_9/CI1->score/add_74_add_5_9/CO1
                                          SLICE_R2C13A       CIN1_TO_COUT1_DELAY     0.277                 43.704  2       
score/n5178                                                  NET DELAY               0.661                 44.365  2       
score/add_74_add_5_11/D0->score/add_74_add_5_11/S0
                                          SLICE_R2C13B       D0_TO_F0_DELAY          0.476                 44.841  1       
score/clef_rom/n62[9]                                        NET DELAY               0.000                 44.841  1       
score/clef_rom/addr_d1__i12/D                                ENDPOINT                0.000                 44.841  1       


Destination Clock Path
Name                                      Cell/Site Name     Delay Name           Incr      Arrival/Required Time  Fanout  
----------------------------------------  -----------------  -------------------  --------  ---------------------  ------  
                                                             CONSTRAINT              0.000                 39.215  1       
pllclk.u_hsosc/CLKHF                      HFOSC_HFOSC_R1C32  CLOCK LATENCY           0.000                 39.215  2       
pllclk/clk_ref                                               NET DELAY               4.957                 44.172  2       
pllclk/u_pll/REFERENCECLK->pllclk/u_pll/OUTGLOBAL
                                          PLL_PLL_R13C32                             0.000                 44.172  61      
pllclk/u_pll/REFERENCECLK->pllclk/u_pll/OUTGLOBAL (TOTAL_ADJUSTMENTS)
                                          PLL_PLL_R13C32                             0.150                 44.322  61      
pllclk/pll_clk_internal                                      NET DELAY               5.499                 49.821  61      
{score/clef_rom/addr_d1__i12/CK   score/clef_rom/addr_d1__i13/CK}
                                                             CLOCK PIN               0.000                 49.821  1       
                                                             Uncertainty          -(0.000)                 49.821  
                                                             Setup time           -(0.198)                 49.623  
----------------------------------------  -----------------  -------------------  --------  ---------------------  ------  
Required Time                                                                                              49.623  
Arrival Time                                                                                            -(44.841)  
----------------------------------------  -----------------  -------------------  --------  ---------------------  ------  
Path Slack  (Passed)                                                                                        4.782  




++++ Path 3 ++++++++++++++++++++++++++++++++++++++++++++++++++++++++++ 

Path Begin       : vgactrl/vcount_704__i1/Q  (SLICE_R6C14B)
Path End         : score/clef_rom/addr_d1__i11/D  (SLICE_R2C13A)
Source Clock     : pll_clk_internal (R)
Destination Clock: pll_clk_internal (R)
Logic Level      : 14
Delay Ratio      : 72.6% (route), 27.4% (logic)
Clock Skew       : 0.000 ns 
Setup Constraint : 39.215 ns 
Path Slack       : 5.059 ns  (Passed)


Source Clock Path
Name                                      Cell/Site Name     Delay Name           Incr      Arrival/Required Time  Fanout  
----------------------------------------  -----------------  -------------------  --------  ---------------------  ------  
pllclk.u_hsosc/CLKHF                      HFOSC_HFOSC_R1C32  CLOCK LATENCY           0.000                  0.000  2       
pllclk/clk_ref                                               NET DELAY               4.957                  4.957  2       
pllclk/u_pll/REFERENCECLK->pllclk/u_pll/OUTGLOBAL
                                          PLL_PLL_R13C32                             0.000                  4.957  61      
pllclk/u_pll/REFERENCECLK->pllclk/u_pll/OUTGLOBAL (TOTAL_ADJUSTMENTS)
                                          PLL_PLL_R13C32                             0.150                  5.107  61      
pllclk/pll_clk_internal                                      NET DELAY               5.499                 10.606  61      
{vgactrl/vcount_704__i0/CK   vgactrl/vcount_704__i1/CK}
                                                             CLOCK PIN               0.000                 10.606  1       


Data Path
Name                                      Cell/Site Name     Delay Name           Incr      Arrival/Required Time  Fanout  
----------------------------------------  -----------------  -------------------  --------  ---------------------  ------  
vgactrl/vcount_704__i1/CK->vgactrl/vcount_704__i1/Q
                                          SLICE_R6C14B       CLK_TO_Q1_DELAY         1.388                 11.994  12      
vgactrl/vcount[1]                                            NET DELAY               3.463                 15.457  12      
vgactrl/i1_2_lut_adj_8/A->vgactrl/i1_2_lut_adj_8/Z
                                          SLICE_R10C13C      D0_TO_F0_DELAY          0.449                 15.906  1       
vgactrl/n4_c                                                 NET DELAY               3.080                 18.986  1       
vgactrl/i2_4_lut/D->vgactrl/i2_4_lut/Z    SLICE_R8C13A       B1_TO_F1_DELAY          0.449                 19.435  2       
vgactrl/n5680                                                NET DELAY               3.278                 22.713  2       
vgactrl/i1_2_lut_adj_15/B->vgactrl/i1_2_lut_adj_15/Z
                                          SLICE_R6C14A       D0_TO_F0_DELAY          0.476                 23.189  1       
vgactrl/n4                                                   NET DELAY               0.304                 23.493  1       
score/i3215_4_lut/D->score/i3215_4_lut/Z  SLICE_R6C14A       C1_TO_F1_DELAY          0.449                 23.942  2       
score/n3680                                                  NET DELAY               2.763                 26.705  2       
score/i4_4_lut/A->score/i4_4_lut/Z        SLICE_R5C12D       D1_TO_F1_DELAY          0.449                 27.154  15      
score/n219                                                   NET DELAY               3.675                 30.829  15      
score/n1482_bdd_4_lut_7/D->score/n1482_bdd_4_lut_7/Z
                                          SLICE_R3C13A       B0_TO_F0_DELAY          0.476                 31.305  1       
score/n7855                                                  NET DELAY               0.304                 31.609  1       
score/n7855_bdd_4_lut/A->score/n7855_bdd_4_lut/Z
                                          SLICE_R3C13A       C1_TO_F1_DELAY          0.449                 32.058  1       
score/n7858                                                  NET DELAY               2.763                 34.821  1       
score/mult_153/A2->score/mult_153/O4      DSP_DSP_R1C11      A_TO_O_DELAY            3.056                 37.877  1       
score/n350[4]                                                NET DELAY               3.807                 41.684  1       
score/add_74_add_5_5/B1->score/add_74_add_5_5/CO1
                                          SLICE_R2C12C       B1_TO_COUT1_DELAY       0.357                 42.041  2       
score/n5174                                                  NET DELAY               0.000                 42.041  2       
score/add_74_add_5_7/CI0->score/add_74_add_5_7/CO0
                                          SLICE_R2C12D       CIN0_TO_COUT0_DELAY     0.277                 42.318  2       
score/n8600                                                  NET DELAY               0.000                 42.318  2       
score/add_74_add_5_7/CI1->score/add_74_add_5_7/CO1
                                          SLICE_R2C12D       CIN1_TO_COUT1_DELAY     0.277                 42.595  2       
score/n5176                                                  NET DELAY               0.555                 43.150  2       
score/add_74_add_5_9/CI0->score/add_74_add_5_9/CO0
                                          SLICE_R2C13A       CIN0_TO_COUT0_DELAY     0.277                 43.427  2       
score/n8603                                                  NET DELAY               0.661                 44.088  2       
score/add_74_add_5_9/D1->score/add_74_add_5_9/S1
                                          SLICE_R2C13A       D1_TO_F1_DELAY          0.476                 44.564  1       
score/clef_rom/n62[8]                                        NET DELAY               0.000                 44.564  1       
score/clef_rom/addr_d1__i11/D                                ENDPOINT                0.000                 44.564  1       


Destination Clock Path
Name                                      Cell/Site Name     Delay Name           Incr      Arrival/Required Time  Fanout  
----------------------------------------  -----------------  -------------------  --------  ---------------------  ------  
                                                             CONSTRAINT              0.000                 39.215  1       
pllclk.u_hsosc/CLKHF                      HFOSC_HFOSC_R1C32  CLOCK LATENCY           0.000                 39.215  2       
pllclk/clk_ref                                               NET DELAY               4.957                 44.172  2       
pllclk/u_pll/REFERENCECLK->pllclk/u_pll/OUTGLOBAL
                                          PLL_PLL_R13C32                             0.000                 44.172  61      
pllclk/u_pll/REFERENCECLK->pllclk/u_pll/OUTGLOBAL (TOTAL_ADJUSTMENTS)
                                          PLL_PLL_R13C32                             0.150                 44.322  61      
pllclk/pll_clk_internal                                      NET DELAY               5.499                 49.821  61      
{score/clef_rom/addr_d1__i10/CK   score/clef_rom/addr_d1__i11/CK}
                                                             CLOCK PIN               0.000                 49.821  1       
                                                             Uncertainty          -(0.000)                 49.821  
                                                             Setup time           -(0.198)                 49.623  
----------------------------------------  -----------------  -------------------  --------  ---------------------  ------  
Required Time                                                                                              49.623  
Arrival Time                                                                                            -(44.564)  
----------------------------------------  -----------------  -------------------  --------  ---------------------  ------  
Path Slack  (Passed)                                                                                        5.059  




++++ Path 4 ++++++++++++++++++++++++++++++++++++++++++++++++++++++++++ 

Path Begin       : vgactrl/vcount_704__i1/Q  (SLICE_R6C14B)
Path End         : score/clef_rom/addr_d1__i10/D  (SLICE_R2C13A)
Source Clock     : pll_clk_internal (R)
Destination Clock: pll_clk_internal (R)
Logic Level      : 13
Delay Ratio      : 73.2% (route), 26.8% (logic)
Clock Skew       : 0.000 ns 
Setup Constraint : 39.215 ns 
Path Slack       : 5.336 ns  (Passed)


Source Clock Path
Name                                      Cell/Site Name     Delay Name           Incr      Arrival/Required Time  Fanout  
----------------------------------------  -----------------  -------------------  --------  ---------------------  ------  
pllclk.u_hsosc/CLKHF                      HFOSC_HFOSC_R1C32  CLOCK LATENCY           0.000                  0.000  2       
pllclk/clk_ref                                               NET DELAY               4.957                  4.957  2       
pllclk/u_pll/REFERENCECLK->pllclk/u_pll/OUTGLOBAL
                                          PLL_PLL_R13C32                             0.000                  4.957  61      
pllclk/u_pll/REFERENCECLK->pllclk/u_pll/OUTGLOBAL (TOTAL_ADJUSTMENTS)
                                          PLL_PLL_R13C32                             0.150                  5.107  61      
pllclk/pll_clk_internal                                      NET DELAY               5.499                 10.606  61      
{vgactrl/vcount_704__i0/CK   vgactrl/vcount_704__i1/CK}
                                                             CLOCK PIN               0.000                 10.606  1       


Data Path
Name                                      Cell/Site Name     Delay Name           Incr      Arrival/Required Time  Fanout  
----------------------------------------  -----------------  -------------------  --------  ---------------------  ------  
vgactrl/vcount_704__i1/CK->vgactrl/vcount_704__i1/Q
                                          SLICE_R6C14B       CLK_TO_Q1_DELAY         1.388                 11.994  12      
vgactrl/vcount[1]                                            NET DELAY               3.463                 15.457  12      
vgactrl/i1_2_lut_adj_8/A->vgactrl/i1_2_lut_adj_8/Z
                                          SLICE_R10C13C      D0_TO_F0_DELAY          0.449                 15.906  1       
vgactrl/n4_c                                                 NET DELAY               3.080                 18.986  1       
vgactrl/i2_4_lut/D->vgactrl/i2_4_lut/Z    SLICE_R8C13A       B1_TO_F1_DELAY          0.449                 19.435  2       
vgactrl/n5680                                                NET DELAY               3.278                 22.713  2       
vgactrl/i1_2_lut_adj_15/B->vgactrl/i1_2_lut_adj_15/Z
                                          SLICE_R6C14A       D0_TO_F0_DELAY          0.476                 23.189  1       
vgactrl/n4                                                   NET DELAY               0.304                 23.493  1       
score/i3215_4_lut/D->score/i3215_4_lut/Z  SLICE_R6C14A       C1_TO_F1_DELAY          0.449                 23.942  2       
score/n3680                                                  NET DELAY               2.763                 26.705  2       
score/i4_4_lut/A->score/i4_4_lut/Z        SLICE_R5C12D       D1_TO_F1_DELAY          0.449                 27.154  15      
score/n219                                                   NET DELAY               3.675                 30.829  15      
score/n1482_bdd_4_lut_7/D->score/n1482_bdd_4_lut_7/Z
                                          SLICE_R3C13A       B0_TO_F0_DELAY          0.476                 31.305  1       
score/n7855                                                  NET DELAY               0.304                 31.609  1       
score/n7855_bdd_4_lut/A->score/n7855_bdd_4_lut/Z
                                          SLICE_R3C13A       C1_TO_F1_DELAY          0.449                 32.058  1       
score/n7858                                                  NET DELAY               2.763                 34.821  1       
score/mult_153/A2->score/mult_153/O4      DSP_DSP_R1C11      A_TO_O_DELAY            3.056                 37.877  1       
score/n350[4]                                                NET DELAY               3.807                 41.684  1       
score/add_74_add_5_5/B1->score/add_74_add_5_5/CO1
                                          SLICE_R2C12C       B1_TO_COUT1_DELAY       0.357                 42.041  2       
score/n5174                                                  NET DELAY               0.000                 42.041  2       
score/add_74_add_5_7/CI0->score/add_74_add_5_7/CO0
                                          SLICE_R2C12D       CIN0_TO_COUT0_DELAY     0.277                 42.318  2       
score/n8600                                                  NET DELAY               0.000                 42.318  2       
score/add_74_add_5_7/CI1->score/add_74_add_5_7/CO1
                                          SLICE_R2C12D       CIN1_TO_COUT1_DELAY     0.277                 42.595  2       
score/n5176                                                  NET DELAY               1.216                 43.811  2       
score/add_74_add_5_9/D0->score/add_74_add_5_9/S0
                                          SLICE_R2C13A       D0_TO_F0_DELAY          0.476                 44.287  1       
score/clef_rom/n62[7]                                        NET DELAY               0.000                 44.287  1       
score/clef_rom/addr_d1__i10/D                                ENDPOINT                0.000                 44.287  1       


Destination Clock Path
Name                                      Cell/Site Name     Delay Name           Incr      Arrival/Required Time  Fanout  
----------------------------------------  -----------------  -------------------  --------  ---------------------  ------  
                                                             CONSTRAINT              0.000                 39.215  1       
pllclk.u_hsosc/CLKHF                      HFOSC_HFOSC_R1C32  CLOCK LATENCY           0.000                 39.215  2       
pllclk/clk_ref                                               NET DELAY               4.957                 44.172  2       
pllclk/u_pll/REFERENCECLK->pllclk/u_pll/OUTGLOBAL
                                          PLL_PLL_R13C32                             0.000                 44.172  61      
pllclk/u_pll/REFERENCECLK->pllclk/u_pll/OUTGLOBAL (TOTAL_ADJUSTMENTS)
                                          PLL_PLL_R13C32                             0.150                 44.322  61      
pllclk/pll_clk_internal                                      NET DELAY               5.499                 49.821  61      
{score/clef_rom/addr_d1__i10/CK   score/clef_rom/addr_d1__i11/CK}
                                                             CLOCK PIN               0.000                 49.821  1       
                                                             Uncertainty          -(0.000)                 49.821  
                                                             Setup time           -(0.198)                 49.623  
----------------------------------------  -----------------  -------------------  --------  ---------------------  ------  
Required Time                                                                                              49.623  
Arrival Time                                                                                            -(44.287)  
----------------------------------------  -----------------  -------------------  --------  ---------------------  ------  
Path Slack  (Passed)                                                                                        5.336  




++++ Path 5 ++++++++++++++++++++++++++++++++++++++++++++++++++++++++++ 

Path Begin       : vgactrl/vcount_704__i1/Q  (SLICE_R6C14B)
Path End         : score/clef_rom/addr_d1__i9/D  (SLICE_R2C12D)
Source Clock     : pll_clk_internal (R)
Destination Clock: pll_clk_internal (R)
Logic Level      : 12
Delay Ratio      : 73.4% (route), 26.6% (logic)
Clock Skew       : 0.000 ns 
Setup Constraint : 39.215 ns 
Path Slack       : 6.168 ns  (Passed)


Source Clock Path
Name                                      Cell/Site Name     Delay Name           Incr      Arrival/Required Time  Fanout  
----------------------------------------  -----------------  -------------------  --------  ---------------------  ------  
pllclk.u_hsosc/CLKHF                      HFOSC_HFOSC_R1C32  CLOCK LATENCY           0.000                  0.000  2       
pllclk/clk_ref                                               NET DELAY               4.957                  4.957  2       
pllclk/u_pll/REFERENCECLK->pllclk/u_pll/OUTGLOBAL
                                          PLL_PLL_R13C32                             0.000                  4.957  61      
pllclk/u_pll/REFERENCECLK->pllclk/u_pll/OUTGLOBAL (TOTAL_ADJUSTMENTS)
                                          PLL_PLL_R13C32                             0.150                  5.107  61      
pllclk/pll_clk_internal                                      NET DELAY               5.499                 10.606  61      
{vgactrl/vcount_704__i0/CK   vgactrl/vcount_704__i1/CK}
                                                             CLOCK PIN               0.000                 10.606  1       


Data Path
Name                                      Cell/Site Name     Delay Name           Incr      Arrival/Required Time  Fanout  
----------------------------------------  -----------------  -------------------  --------  ---------------------  ------  
vgactrl/vcount_704__i1/CK->vgactrl/vcount_704__i1/Q
                                          SLICE_R6C14B       CLK_TO_Q1_DELAY         1.388                 11.994  12      
vgactrl/vcount[1]                                            NET DELAY               3.463                 15.457  12      
vgactrl/i1_2_lut_adj_8/A->vgactrl/i1_2_lut_adj_8/Z
                                          SLICE_R10C13C      D0_TO_F0_DELAY          0.449                 15.906  1       
vgactrl/n4_c                                                 NET DELAY               3.080                 18.986  1       
vgactrl/i2_4_lut/D->vgactrl/i2_4_lut/Z    SLICE_R8C13A       B1_TO_F1_DELAY          0.449                 19.435  2       
vgactrl/n5680                                                NET DELAY               3.278                 22.713  2       
vgactrl/i1_2_lut_adj_15/B->vgactrl/i1_2_lut_adj_15/Z
                                          SLICE_R6C14A       D0_TO_F0_DELAY          0.476                 23.189  1       
vgactrl/n4                                                   NET DELAY               0.304                 23.493  1       
score/i3215_4_lut/D->score/i3215_4_lut/Z  SLICE_R6C14A       C1_TO_F1_DELAY          0.449                 23.942  2       
score/n3680                                                  NET DELAY               2.763                 26.705  2       
score/i4_4_lut/A->score/i4_4_lut/Z        SLICE_R5C12D       D1_TO_F1_DELAY          0.449                 27.154  15      
score/n219                                                   NET DELAY               3.675                 30.829  15      
score/n1482_bdd_4_lut_7/D->score/n1482_bdd_4_lut_7/Z
                                          SLICE_R3C13A       B0_TO_F0_DELAY          0.476                 31.305  1       
score/n7855                                                  NET DELAY               0.304                 31.609  1       
score/n7855_bdd_4_lut/A->score/n7855_bdd_4_lut/Z
                                          SLICE_R3C13A       C1_TO_F1_DELAY          0.449                 32.058  1       
score/n7858                                                  NET DELAY               2.763                 34.821  1       
score/mult_153/A2->score/mult_153/O4      DSP_DSP_R1C11      A_TO_O_DELAY            3.056                 37.877  1       
score/n350[4]                                                NET DELAY               3.807                 41.684  1       
score/add_74_add_5_5/B1->score/add_74_add_5_5/CO1
                                          SLICE_R2C12C       B1_TO_COUT1_DELAY       0.357                 42.041  2       
score/n5174                                                  NET DELAY               0.000                 42.041  2       
score/add_74_add_5_7/CI0->score/add_74_add_5_7/CO0
                                          SLICE_R2C12D       CIN0_TO_COUT0_DELAY     0.277                 42.318  2       
score/n8600                                                  NET DELAY               0.661                 42.979  2       
score/add_74_add_5_7/D1->score/add_74_add_5_7/S1
                                          SLICE_R2C12D       D1_TO_F1_DELAY          0.476                 43.455  1       
score/clef_rom/n62[6]                                        NET DELAY               0.000                 43.455  1       
score/clef_rom/addr_d1__i9/D                                 ENDPOINT                0.000                 43.455  1       


Destination Clock Path
Name                                      Cell/Site Name     Delay Name           Incr      Arrival/Required Time  Fanout  
----------------------------------------  -----------------  -------------------  --------  ---------------------  ------  
                                                             CONSTRAINT              0.000                 39.215  1       
pllclk.u_hsosc/CLKHF                      HFOSC_HFOSC_R1C32  CLOCK LATENCY           0.000                 39.215  2       
pllclk/clk_ref                                               NET DELAY               4.957                 44.172  2       
pllclk/u_pll/REFERENCECLK->pllclk/u_pll/OUTGLOBAL
                                          PLL_PLL_R13C32                             0.000                 44.172  61      
pllclk/u_pll/REFERENCECLK->pllclk/u_pll/OUTGLOBAL (TOTAL_ADJUSTMENTS)
                                          PLL_PLL_R13C32                             0.150                 44.322  61      
pllclk/pll_clk_internal                                      NET DELAY               5.499                 49.821  61      
{score/clef_rom/addr_d1__i8/CK   score/clef_rom/addr_d1__i9/CK}
                                                             CLOCK PIN               0.000                 49.821  1       
                                                             Uncertainty          -(0.000)                 49.821  
                                                             Setup time           -(0.198)                 49.623  
----------------------------------------  -----------------  -------------------  --------  ---------------------  ------  
Required Time                                                                                              49.623  
Arrival Time                                                                                            -(43.455)  
----------------------------------------  -----------------  -------------------  --------  ---------------------  ------  
Path Slack  (Passed)                                                                                        6.168  




++++ Path 6 ++++++++++++++++++++++++++++++++++++++++++++++++++++++++++ 

Path Begin       : vgactrl/vcount_704__i1/Q  (SLICE_R6C14B)
Path End         : score/clef_rom/addr_d1__i8/D  (SLICE_R2C12D)
Source Clock     : pll_clk_internal (R)
Destination Clock: pll_clk_internal (R)
Logic Level      : 11
Delay Ratio      : 74.0% (route), 26.0% (logic)
Clock Skew       : 0.000 ns 
Setup Constraint : 39.215 ns 
Path Slack       : 6.445 ns  (Passed)


Source Clock Path
Name                                      Cell/Site Name     Delay Name         Incr      Arrival/Required Time  Fanout  
----------------------------------------  -----------------  -----------------  --------  ---------------------  ------  
pllclk.u_hsosc/CLKHF                      HFOSC_HFOSC_R1C32  CLOCK LATENCY         0.000                  0.000  2       
pllclk/clk_ref                                               NET DELAY             4.957                  4.957  2       
pllclk/u_pll/REFERENCECLK->pllclk/u_pll/OUTGLOBAL
                                          PLL_PLL_R13C32                           0.000                  4.957  61      
pllclk/u_pll/REFERENCECLK->pllclk/u_pll/OUTGLOBAL (TOTAL_ADJUSTMENTS)
                                          PLL_PLL_R13C32                           0.150                  5.107  61      
pllclk/pll_clk_internal                                      NET DELAY             5.499                 10.606  61      
{vgactrl/vcount_704__i0/CK   vgactrl/vcount_704__i1/CK}
                                                             CLOCK PIN             0.000                 10.606  1       


Data Path
Name                                      Cell/Site Name     Delay Name         Incr      Arrival/Required Time  Fanout  
----------------------------------------  -----------------  -----------------  --------  ---------------------  ------  
vgactrl/vcount_704__i1/CK->vgactrl/vcount_704__i1/Q
                                          SLICE_R6C14B       CLK_TO_Q1_DELAY       1.388                 11.994  12      
vgactrl/vcount[1]                                            NET DELAY             3.463                 15.457  12      
vgactrl/i1_2_lut_adj_8/A->vgactrl/i1_2_lut_adj_8/Z
                                          SLICE_R10C13C      D0_TO_F0_DELAY        0.449                 15.906  1       
vgactrl/n4_c                                                 NET DELAY             3.080                 18.986  1       
vgactrl/i2_4_lut/D->vgactrl/i2_4_lut/Z    SLICE_R8C13A       B1_TO_F1_DELAY        0.449                 19.435  2       
vgactrl/n5680                                                NET DELAY             3.278                 22.713  2       
vgactrl/i1_2_lut_adj_15/B->vgactrl/i1_2_lut_adj_15/Z
                                          SLICE_R6C14A       D0_TO_F0_DELAY        0.476                 23.189  1       
vgactrl/n4                                                   NET DELAY             0.304                 23.493  1       
score/i3215_4_lut/D->score/i3215_4_lut/Z  SLICE_R6C14A       C1_TO_F1_DELAY        0.449                 23.942  2       
score/n3680                                                  NET DELAY             2.763                 26.705  2       
score/i4_4_lut/A->score/i4_4_lut/Z        SLICE_R5C12D       D1_TO_F1_DELAY        0.449                 27.154  15      
score/n219                                                   NET DELAY             3.675                 30.829  15      
score/n1482_bdd_4_lut_7/D->score/n1482_bdd_4_lut_7/Z
                                          SLICE_R3C13A       B0_TO_F0_DELAY        0.476                 31.305  1       
score/n7855                                                  NET DELAY             0.304                 31.609  1       
score/n7855_bdd_4_lut/A->score/n7855_bdd_4_lut/Z
                                          SLICE_R3C13A       C1_TO_F1_DELAY        0.449                 32.058  1       
score/n7858                                                  NET DELAY             2.763                 34.821  1       
score/mult_153/A2->score/mult_153/O4      DSP_DSP_R1C11      A_TO_O_DELAY          3.056                 37.877  1       
score/n350[4]                                                NET DELAY             3.807                 41.684  1       
score/add_74_add_5_5/B1->score/add_74_add_5_5/CO1
                                          SLICE_R2C12C       B1_TO_COUT1_DELAY     0.357                 42.041  2       
score/n5174                                                  NET DELAY             0.661                 42.702  2       
score/add_74_add_5_7/D0->score/add_74_add_5_7/S0
                                          SLICE_R2C12D       D0_TO_F0_DELAY        0.476                 43.178  1       
score/clef_rom/n62[5]                                        NET DELAY             0.000                 43.178  1       
score/clef_rom/addr_d1__i8/D                                 ENDPOINT              0.000                 43.178  1       


Destination Clock Path
Name                                      Cell/Site Name     Delay Name         Incr      Arrival/Required Time  Fanout  
----------------------------------------  -----------------  -----------------  --------  ---------------------  ------  
                                                             CONSTRAINT            0.000                 39.215  1       
pllclk.u_hsosc/CLKHF                      HFOSC_HFOSC_R1C32  CLOCK LATENCY         0.000                 39.215  2       
pllclk/clk_ref                                               NET DELAY             4.957                 44.172  2       
pllclk/u_pll/REFERENCECLK->pllclk/u_pll/OUTGLOBAL
                                          PLL_PLL_R13C32                           0.000                 44.172  61      
pllclk/u_pll/REFERENCECLK->pllclk/u_pll/OUTGLOBAL (TOTAL_ADJUSTMENTS)
                                          PLL_PLL_R13C32                           0.150                 44.322  61      
pllclk/pll_clk_internal                                      NET DELAY             5.499                 49.821  61      
{score/clef_rom/addr_d1__i8/CK   score/clef_rom/addr_d1__i9/CK}
                                                             CLOCK PIN             0.000                 49.821  1       
                                                             Uncertainty        -(0.000)                 49.821  
                                                             Setup time         -(0.198)                 49.623  
----------------------------------------  -----------------  -----------------  --------  ---------------------  ------  
Required Time                                                                                            49.623  
Arrival Time                                                                                          -(43.178)  
----------------------------------------  -----------------  -----------------  --------  ---------------------  ------  
Path Slack  (Passed)                                                                                      6.445  




++++ Path 7 ++++++++++++++++++++++++++++++++++++++++++++++++++++++++++ 

Path Begin       : vgactrl/vcount_704__i1/Q  (SLICE_R6C14B)
Path End         : score/clef_rom/addr_d1__i7/D  (SLICE_R2C12C)
Source Clock     : pll_clk_internal (R)
Destination Clock: pll_clk_internal (R)
Logic Level      : 12
Delay Ratio      : 73.9% (route), 26.1% (logic)
Clock Skew       : 0.000 ns 
Setup Constraint : 39.215 ns 
Path Slack       : 7.221 ns  (Passed)


Source Clock Path
Name                                      Cell/Site Name     Delay Name           Incr      Arrival/Required Time  Fanout  
----------------------------------------  -----------------  -------------------  --------  ---------------------  ------  
pllclk.u_hsosc/CLKHF                      HFOSC_HFOSC_R1C32  CLOCK LATENCY           0.000                  0.000  2       
pllclk/clk_ref                                               NET DELAY               4.957                  4.957  2       
pllclk/u_pll/REFERENCECLK->pllclk/u_pll/OUTGLOBAL
                                          PLL_PLL_R13C32                             0.000                  4.957  61      
pllclk/u_pll/REFERENCECLK->pllclk/u_pll/OUTGLOBAL (TOTAL_ADJUSTMENTS)
                                          PLL_PLL_R13C32                             0.150                  5.107  61      
pllclk/pll_clk_internal                                      NET DELAY               5.499                 10.606  61      
{vgactrl/vcount_704__i0/CK   vgactrl/vcount_704__i1/CK}
                                                             CLOCK PIN               0.000                 10.606  1       


Data Path
Name                                      Cell/Site Name     Delay Name           Incr      Arrival/Required Time  Fanout  
----------------------------------------  -----------------  -------------------  --------  ---------------------  ------  
vgactrl/vcount_704__i1/CK->vgactrl/vcount_704__i1/Q
                                          SLICE_R6C14B       CLK_TO_Q1_DELAY         1.388                 11.994  12      
vgactrl/vcount[1]                                            NET DELAY               3.463                 15.457  12      
vgactrl/i1_2_lut_adj_8/A->vgactrl/i1_2_lut_adj_8/Z
                                          SLICE_R10C13C      D0_TO_F0_DELAY          0.449                 15.906  1       
vgactrl/n4_c                                                 NET DELAY               3.080                 18.986  1       
vgactrl/i2_4_lut/D->vgactrl/i2_4_lut/Z    SLICE_R8C13A       B1_TO_F1_DELAY          0.449                 19.435  2       
vgactrl/n5680                                                NET DELAY               3.278                 22.713  2       
vgactrl/i1_2_lut_adj_15/B->vgactrl/i1_2_lut_adj_15/Z
                                          SLICE_R6C14A       D0_TO_F0_DELAY          0.476                 23.189  1       
vgactrl/n4                                                   NET DELAY               0.304                 23.493  1       
score/i3215_4_lut/D->score/i3215_4_lut/Z  SLICE_R6C14A       C1_TO_F1_DELAY          0.449                 23.942  2       
score/n3680                                                  NET DELAY               2.763                 26.705  2       
score/i4_4_lut/A->score/i4_4_lut/Z        SLICE_R5C12D       D1_TO_F1_DELAY          0.449                 27.154  15      
score/n219                                                   NET DELAY               3.675                 30.829  15      
score/n1482_bdd_4_lut_7/D->score/n1482_bdd_4_lut_7/Z
                                          SLICE_R3C13A       B0_TO_F0_DELAY          0.476                 31.305  1       
score/n7855                                                  NET DELAY               0.304                 31.609  1       
score/n7855_bdd_4_lut/A->score/n7855_bdd_4_lut/Z
                                          SLICE_R3C13A       C1_TO_F1_DELAY          0.449                 32.058  1       
score/n7858                                                  NET DELAY               2.763                 34.821  1       
score/mult_153/A2->score/mult_153/O2      DSP_DSP_R1C11      A_TO_O_DELAY            2.598                 37.419  1       
score/n350[2]                                                NET DELAY               3.212                 40.631  1       
score/add_74_add_5_3/B1->score/add_74_add_5_3/CO1
                                          SLICE_R2C12B       B1_TO_COUT1_DELAY       0.357                 40.988  2       
score/n5172                                                  NET DELAY               0.000                 40.988  2       
score/add_74_add_5_5/CI0->score/add_74_add_5_5/CO0
                                          SLICE_R2C12C       CIN0_TO_COUT0_DELAY     0.277                 41.265  2       
score/n8597                                                  NET DELAY               0.661                 41.926  2       
score/add_74_add_5_5/D1->score/add_74_add_5_5/S1
                                          SLICE_R2C12C       D1_TO_F1_DELAY          0.476                 42.402  1       
score/clef_rom/n62[4]                                        NET DELAY               0.000                 42.402  1       
score/clef_rom/addr_d1__i7/D                                 ENDPOINT                0.000                 42.402  1       


Destination Clock Path
Name                                      Cell/Site Name     Delay Name           Incr      Arrival/Required Time  Fanout  
----------------------------------------  -----------------  -------------------  --------  ---------------------  ------  
                                                             CONSTRAINT              0.000                 39.215  1       
pllclk.u_hsosc/CLKHF                      HFOSC_HFOSC_R1C32  CLOCK LATENCY           0.000                 39.215  2       
pllclk/clk_ref                                               NET DELAY               4.957                 44.172  2       
pllclk/u_pll/REFERENCECLK->pllclk/u_pll/OUTGLOBAL
                                          PLL_PLL_R13C32                             0.000                 44.172  61      
pllclk/u_pll/REFERENCECLK->pllclk/u_pll/OUTGLOBAL (TOTAL_ADJUSTMENTS)
                                          PLL_PLL_R13C32                             0.150                 44.322  61      
pllclk/pll_clk_internal                                      NET DELAY               5.499                 49.821  61      
{score/clef_rom/addr_d1__i6/CK   score/clef_rom/addr_d1__i7/CK}
                                                             CLOCK PIN               0.000                 49.821  1       
                                                             Uncertainty          -(0.000)                 49.821  
                                                             Setup time           -(0.198)                 49.623  
----------------------------------------  -----------------  -------------------  --------  ---------------------  ------  
Required Time                                                                                              49.623  
Arrival Time                                                                                            -(42.402)  
----------------------------------------  -----------------  -------------------  --------  ---------------------  ------  
Path Slack  (Passed)                                                                                        7.221  




++++ Path 8 ++++++++++++++++++++++++++++++++++++++++++++++++++++++++++ 

Path Begin       : vgactrl/vcount_704__i1/Q  (SLICE_R6C14B)
Path End         : score/clef_rom/addr_d1__i6/D  (SLICE_R2C12C)
Source Clock     : pll_clk_internal (R)
Destination Clock: pll_clk_internal (R)
Logic Level      : 11
Delay Ratio      : 74.6% (route), 25.4% (logic)
Clock Skew       : 0.000 ns 
Setup Constraint : 39.215 ns 
Path Slack       : 7.498 ns  (Passed)


Source Clock Path
Name                                      Cell/Site Name     Delay Name         Incr      Arrival/Required Time  Fanout  
----------------------------------------  -----------------  -----------------  --------  ---------------------  ------  
pllclk.u_hsosc/CLKHF                      HFOSC_HFOSC_R1C32  CLOCK LATENCY         0.000                  0.000  2       
pllclk/clk_ref                                               NET DELAY             4.957                  4.957  2       
pllclk/u_pll/REFERENCECLK->pllclk/u_pll/OUTGLOBAL
                                          PLL_PLL_R13C32                           0.000                  4.957  61      
pllclk/u_pll/REFERENCECLK->pllclk/u_pll/OUTGLOBAL (TOTAL_ADJUSTMENTS)
                                          PLL_PLL_R13C32                           0.150                  5.107  61      
pllclk/pll_clk_internal                                      NET DELAY             5.499                 10.606  61      
{vgactrl/vcount_704__i0/CK   vgactrl/vcount_704__i1/CK}
                                                             CLOCK PIN             0.000                 10.606  1       


Data Path
Name                                      Cell/Site Name     Delay Name         Incr      Arrival/Required Time  Fanout  
----------------------------------------  -----------------  -----------------  --------  ---------------------  ------  
vgactrl/vcount_704__i1/CK->vgactrl/vcount_704__i1/Q
                                          SLICE_R6C14B       CLK_TO_Q1_DELAY       1.388                 11.994  12      
vgactrl/vcount[1]                                            NET DELAY             3.463                 15.457  12      
vgactrl/i1_2_lut_adj_8/A->vgactrl/i1_2_lut_adj_8/Z
                                          SLICE_R10C13C      D0_TO_F0_DELAY        0.449                 15.906  1       
vgactrl/n4_c                                                 NET DELAY             3.080                 18.986  1       
vgactrl/i2_4_lut/D->vgactrl/i2_4_lut/Z    SLICE_R8C13A       B1_TO_F1_DELAY        0.449                 19.435  2       
vgactrl/n5680                                                NET DELAY             3.278                 22.713  2       
vgactrl/i1_2_lut_adj_15/B->vgactrl/i1_2_lut_adj_15/Z
                                          SLICE_R6C14A       D0_TO_F0_DELAY        0.476                 23.189  1       
vgactrl/n4                                                   NET DELAY             0.304                 23.493  1       
score/i3215_4_lut/D->score/i3215_4_lut/Z  SLICE_R6C14A       C1_TO_F1_DELAY        0.449                 23.942  2       
score/n3680                                                  NET DELAY             2.763                 26.705  2       
score/i4_4_lut/A->score/i4_4_lut/Z        SLICE_R5C12D       D1_TO_F1_DELAY        0.449                 27.154  15      
score/n219                                                   NET DELAY             3.675                 30.829  15      
score/n1482_bdd_4_lut_7/D->score/n1482_bdd_4_lut_7/Z
                                          SLICE_R3C13A       B0_TO_F0_DELAY        0.476                 31.305  1       
score/n7855                                                  NET DELAY             0.304                 31.609  1       
score/n7855_bdd_4_lut/A->score/n7855_bdd_4_lut/Z
                                          SLICE_R3C13A       C1_TO_F1_DELAY        0.449                 32.058  1       
score/n7858                                                  NET DELAY             2.763                 34.821  1       
score/mult_153/A2->score/mult_153/O2      DSP_DSP_R1C11      A_TO_O_DELAY          2.598                 37.419  1       
score/n350[2]                                                NET DELAY             3.212                 40.631  1       
score/add_74_add_5_3/B1->score/add_74_add_5_3/CO1
                                          SLICE_R2C12B       B1_TO_COUT1_DELAY     0.357                 40.988  2       
score/n5172                                                  NET DELAY             0.661                 41.649  2       
score/add_74_add_5_5/D0->score/add_74_add_5_5/S0
                                          SLICE_R2C12C       D0_TO_F0_DELAY        0.476                 42.125  1       
score/clef_rom/n62[3]                                        NET DELAY             0.000                 42.125  1       
score/clef_rom/addr_d1__i6/D                                 ENDPOINT              0.000                 42.125  1       


Destination Clock Path
Name                                      Cell/Site Name     Delay Name         Incr      Arrival/Required Time  Fanout  
----------------------------------------  -----------------  -----------------  --------  ---------------------  ------  
                                                             CONSTRAINT            0.000                 39.215  1       
pllclk.u_hsosc/CLKHF                      HFOSC_HFOSC_R1C32  CLOCK LATENCY         0.000                 39.215  2       
pllclk/clk_ref                                               NET DELAY             4.957                 44.172  2       
pllclk/u_pll/REFERENCECLK->pllclk/u_pll/OUTGLOBAL
                                          PLL_PLL_R13C32                           0.000                 44.172  61      
pllclk/u_pll/REFERENCECLK->pllclk/u_pll/OUTGLOBAL (TOTAL_ADJUSTMENTS)
                                          PLL_PLL_R13C32                           0.150                 44.322  61      
pllclk/pll_clk_internal                                      NET DELAY             5.499                 49.821  61      
{score/clef_rom/addr_d1__i6/CK   score/clef_rom/addr_d1__i7/CK}
                                                             CLOCK PIN             0.000                 49.821  1       
                                                             Uncertainty        -(0.000)                 49.821  
                                                             Setup time         -(0.198)                 49.623  
----------------------------------------  -----------------  -----------------  --------  ---------------------  ------  
Required Time                                                                                            49.623  
Arrival Time                                                                                          -(42.125)  
----------------------------------------  -----------------  -----------------  --------  ---------------------  ------  
Path Slack  (Passed)                                                                                      7.498  




++++ Path 9 ++++++++++++++++++++++++++++++++++++++++++++++++++++++++++ 

Path Begin       : vgactrl/vcount_704__i1/Q  (SLICE_R6C14B)
Path End         : score/clef_rom/addr_d1__i5/D  (SLICE_R2C12B)
Source Clock     : pll_clk_internal (R)
Destination Clock: pll_clk_internal (R)
Logic Level      : 10
Delay Ratio      : 74.9% (route), 25.1% (logic)
Clock Skew       : 0.000 ns 
Setup Constraint : 39.215 ns 
Path Slack       : 8.516 ns  (Passed)


Source Clock Path
Name                                      Cell/Site Name     Delay Name       Incr      Arrival/Required Time  Fanout  
----------------------------------------  -----------------  ---------------  --------  ---------------------  ------  
pllclk.u_hsosc/CLKHF                      HFOSC_HFOSC_R1C32  CLOCK LATENCY       0.000                  0.000  2       
pllclk/clk_ref                                               NET DELAY           4.957                  4.957  2       
pllclk/u_pll/REFERENCECLK->pllclk/u_pll/OUTGLOBAL
                                          PLL_PLL_R13C32                         0.000                  4.957  61      
pllclk/u_pll/REFERENCECLK->pllclk/u_pll/OUTGLOBAL (TOTAL_ADJUSTMENTS)
                                          PLL_PLL_R13C32                         0.150                  5.107  61      
pllclk/pll_clk_internal                                      NET DELAY           5.499                 10.606  61      
{vgactrl/vcount_704__i0/CK   vgactrl/vcount_704__i1/CK}
                                                             CLOCK PIN           0.000                 10.606  1       


Data Path
Name                                      Cell/Site Name     Delay Name       Incr      Arrival/Required Time  Fanout  
----------------------------------------  -----------------  ---------------  --------  ---------------------  ------  
vgactrl/vcount_704__i1/CK->vgactrl/vcount_704__i1/Q
                                          SLICE_R6C14B       CLK_TO_Q1_DELAY     1.388                 11.994  12      
vgactrl/vcount[1]                                            NET DELAY           3.463                 15.457  12      
vgactrl/i1_2_lut_adj_8/A->vgactrl/i1_2_lut_adj_8/Z
                                          SLICE_R10C13C      D0_TO_F0_DELAY      0.449                 15.906  1       
vgactrl/n4_c                                                 NET DELAY           3.080                 18.986  1       
vgactrl/i2_4_lut/D->vgactrl/i2_4_lut/Z    SLICE_R8C13A       B1_TO_F1_DELAY      0.449                 19.435  2       
vgactrl/n5680                                                NET DELAY           3.278                 22.713  2       
vgactrl/i1_2_lut_adj_15/B->vgactrl/i1_2_lut_adj_15/Z
                                          SLICE_R6C14A       D0_TO_F0_DELAY      0.476                 23.189  1       
vgactrl/n4                                                   NET DELAY           0.304                 23.493  1       
score/i3215_4_lut/D->score/i3215_4_lut/Z  SLICE_R6C14A       C1_TO_F1_DELAY      0.449                 23.942  2       
score/n3680                                                  NET DELAY           2.763                 26.705  2       
score/i4_4_lut/A->score/i4_4_lut/Z        SLICE_R5C12D       D1_TO_F1_DELAY      0.449                 27.154  15      
score/n219                                                   NET DELAY           3.675                 30.829  15      
score/n1482_bdd_4_lut_7/D->score/n1482_bdd_4_lut_7/Z
                                          SLICE_R3C13A       B0_TO_F0_DELAY      0.476                 31.305  1       
score/n7855                                                  NET DELAY           0.304                 31.609  1       
score/n7855_bdd_4_lut/A->score/n7855_bdd_4_lut/Z
                                          SLICE_R3C13A       C1_TO_F1_DELAY      0.449                 32.058  1       
score/n7858                                                  NET DELAY           2.763                 34.821  1       
score/mult_153/A2->score/mult_153/O2      DSP_DSP_R1C11      A_TO_O_DELAY        2.598                 37.419  1       
score/n350[2]                                                NET DELAY           3.212                 40.631  1       
score/add_74_add_5_3/B1->score/add_74_add_5_3/S1
                                          SLICE_R2C12B       B1_TO_F1_DELAY      0.476                 41.107  1       
score/clef_rom/n62[2]                                        NET DELAY           0.000                 41.107  1       
score/clef_rom/addr_d1__i5/D                                 ENDPOINT            0.000                 41.107  1       


Destination Clock Path
Name                                      Cell/Site Name     Delay Name       Incr      Arrival/Required Time  Fanout  
----------------------------------------  -----------------  ---------------  --------  ---------------------  ------  
                                                             CONSTRAINT          0.000                 39.215  1       
pllclk.u_hsosc/CLKHF                      HFOSC_HFOSC_R1C32  CLOCK LATENCY       0.000                 39.215  2       
pllclk/clk_ref                                               NET DELAY           4.957                 44.172  2       
pllclk/u_pll/REFERENCECLK->pllclk/u_pll/OUTGLOBAL
                                          PLL_PLL_R13C32                         0.000                 44.172  61      
pllclk/u_pll/REFERENCECLK->pllclk/u_pll/OUTGLOBAL (TOTAL_ADJUSTMENTS)
                                          PLL_PLL_R13C32                         0.150                 44.322  61      
pllclk/pll_clk_internal                                      NET DELAY           5.499                 49.821  61      
{score/clef_rom/addr_d1__i4/CK   score/clef_rom/addr_d1__i5/CK}
                                                             CLOCK PIN           0.000                 49.821  1       
                                                             Uncertainty      -(0.000)                 49.821  
                                                             Setup time       -(0.198)                 49.623  
----------------------------------------  -----------------  ---------------  --------  ---------------------  ------  
Required Time                                                                                          49.623  
Arrival Time                                                                                        -(41.107)  
----------------------------------------  -----------------  ---------------  --------  ---------------------  ------  
Path Slack  (Passed)                                                                                    8.516  




++++ Path 10 ++++++++++++++++++++++++++++++++++++++++++++++++++++++++++ 

Path Begin       : vgactrl/vcount_704__i1/Q  (SLICE_R6C14B)
Path End         : score/clef_rom/addr_d1__i4/D  (SLICE_R2C12B)
Source Clock     : pll_clk_internal (R)
Destination Clock: pll_clk_internal (R)
Logic Level      : 10
Delay Ratio      : 75.2% (route), 24.8% (logic)
Clock Skew       : 0.000 ns 
Setup Constraint : 39.215 ns 
Path Slack       : 10.030 ns  (Passed)


Source Clock Path
Name                                      Cell/Site Name     Delay Name       Incr      Arrival/Required Time  Fanout  
----------------------------------------  -----------------  ---------------  --------  ---------------------  ------  
pllclk.u_hsosc/CLKHF                      HFOSC_HFOSC_R1C32  CLOCK LATENCY       0.000                  0.000  2       
pllclk/clk_ref                                               NET DELAY           4.957                  4.957  2       
pllclk/u_pll/REFERENCECLK->pllclk/u_pll/OUTGLOBAL
                                          PLL_PLL_R13C32                         0.000                  4.957  61      
pllclk/u_pll/REFERENCECLK->pllclk/u_pll/OUTGLOBAL (TOTAL_ADJUSTMENTS)
                                          PLL_PLL_R13C32                         0.150                  5.107  61      
pllclk/pll_clk_internal                                      NET DELAY           5.499                 10.606  61      
{vgactrl/vcount_704__i0/CK   vgactrl/vcount_704__i1/CK}
                                                             CLOCK PIN           0.000                 10.606  1       


Data Path
Name                                      Cell/Site Name     Delay Name       Incr      Arrival/Required Time  Fanout  
----------------------------------------  -----------------  ---------------  --------  ---------------------  ------  
vgactrl/vcount_704__i1/CK->vgactrl/vcount_704__i1/Q
                                          SLICE_R6C14B       CLK_TO_Q1_DELAY     1.388                 11.994  12      
vgactrl/vcount[1]                                            NET DELAY           3.463                 15.457  12      
vgactrl/i1_2_lut_adj_8/A->vgactrl/i1_2_lut_adj_8/Z
                                          SLICE_R10C13C      D0_TO_F0_DELAY      0.449                 15.906  1       
vgactrl/n4_c                                                 NET DELAY           3.080                 18.986  1       
vgactrl/i2_4_lut/D->vgactrl/i2_4_lut/Z    SLICE_R8C13A       B1_TO_F1_DELAY      0.449                 19.435  2       
vgactrl/n5680                                                NET DELAY           3.278                 22.713  2       
vgactrl/i1_2_lut_adj_15/B->vgactrl/i1_2_lut_adj_15/Z
                                          SLICE_R6C14A       D0_TO_F0_DELAY      0.476                 23.189  1       
vgactrl/n4                                                   NET DELAY           0.304                 23.493  1       
score/i3215_4_lut/D->score/i3215_4_lut/Z  SLICE_R6C14A       C1_TO_F1_DELAY      0.449                 23.942  2       
score/n3680                                                  NET DELAY           2.763                 26.705  2       
score/i4_4_lut/A->score/i4_4_lut/Z        SLICE_R5C12D       D1_TO_F1_DELAY      0.449                 27.154  15      
score/n219                                                   NET DELAY           2.168                 29.322  15      
score/n1482_bdd_4_lut/D->score/n1482_bdd_4_lut/Z
                                          SLICE_R5C13A       D1_TO_F1_DELAY      0.476                 29.798  1       
score/n7951                                                  NET DELAY           0.304                 30.102  1       
score/n7951_bdd_4_lut/A->score/n7951_bdd_4_lut/Z
                                          SLICE_R5C13B       C0_TO_F0_DELAY      0.449                 30.551  1       
score/n7954                                                  NET DELAY           3.238                 33.789  1       
score/mult_153/A1->score/mult_153/O1      DSP_DSP_R1C11      A_TO_O_DELAY        2.116                 35.905  1       
score/n350[1]                                                NET DELAY           3.212                 39.117  1       
score/add_74_add_5_3/B0->score/add_74_add_5_3/S0
                                          SLICE_R2C12B       B0_TO_F0_DELAY      0.476                 39.593  1       
score/clef_rom/n62[1]                                        NET DELAY           0.000                 39.593  1       
score/clef_rom/addr_d1__i4/D                                 ENDPOINT            0.000                 39.593  1       


Destination Clock Path
Name                                      Cell/Site Name     Delay Name       Incr      Arrival/Required Time  Fanout  
----------------------------------------  -----------------  ---------------  --------  ---------------------  ------  
                                                             CONSTRAINT          0.000                 39.215  1       
pllclk.u_hsosc/CLKHF                      HFOSC_HFOSC_R1C32  CLOCK LATENCY       0.000                 39.215  2       
pllclk/clk_ref                                               NET DELAY           4.957                 44.172  2       
pllclk/u_pll/REFERENCECLK->pllclk/u_pll/OUTGLOBAL
                                          PLL_PLL_R13C32                         0.000                 44.172  61      
pllclk/u_pll/REFERENCECLK->pllclk/u_pll/OUTGLOBAL (TOTAL_ADJUSTMENTS)
                                          PLL_PLL_R13C32                         0.150                 44.322  61      
pllclk/pll_clk_internal                                      NET DELAY           5.499                 49.821  61      
{score/clef_rom/addr_d1__i4/CK   score/clef_rom/addr_d1__i5/CK}
                                                             CLOCK PIN           0.000                 49.821  1       
                                                             Uncertainty      -(0.000)                 49.821  
                                                             Setup time       -(0.198)                 49.623  
----------------------------------------  -----------------  ---------------  --------  ---------------------  ------  
Required Time                                                                                          49.623  
Arrival Time                                                                                        -(39.593)  
----------------------------------------  -----------------  ---------------  --------  ---------------------  ------  
Path Slack  (Passed)                                                                                   10.030  



+++++++++++++++++++++++++++++++++++++++++++++++++++++++++++++++++++++ 
                    End of Detailed Report for timing paths 
+++++++++++++++++++++++++++++++++++++++++++++++++++++++++++++++++++++ 


##########################################################



===============================================================
3  Hold at Speed Grade m Corner at -40 Degrees
===============================================================

3.1  Endpoint slacks
=======================
-------------------------------------------------------
          Listing 10 End Points          |    Slack    
-------------------------------------------------------
score/hcount_d1__i9/D                    |    1.743 ns 
score/hcount_d1__i8/D                    |    1.743 ns 
score/hcount_d1__i10/D                   |    1.743 ns 
score/vcount_d1__i6/D                    |    1.743 ns 
score/hcount_d2__i1/D                    |    1.743 ns 
score/hcount_d2__i0/D                    |    1.743 ns 
score/hcount_d2__i7/D                    |    1.743 ns 
score/hcount_d2__i6/D                    |    1.743 ns 
score/hcount_d2__i9/D                    |    1.743 ns 
score/hcount_d2__i8/D                    |    1.743 ns 
-------------------------------------------------------
                                         |             
Hold # of endpoints with negative slack: |           0 
                                         |             
-------------------------------------------------------

3.2  Detailed Report
=======================


XXXXXXXXXXXXXXXXXXXXXXXXXXXXXXXXXXXXXXXXXXXXXXXXXXXXXXXXXX

Detail report of critical paths

XXXXXXXXXXXXXXXXXXXXXXXXXXXXXXXXXXXXXXXXXXXXXXXXXXXXXXXXXX

 +++++++++++++++++++++++++++++++++++++++++++++++++++++++++++++++++++++
                    Detailed Report for timing paths 
 +++++++++++++++++++++++++++++++++++++++++++++++++++++++++++++++++++++

 ++++Path 1  ++++++++++++++++++++++++++++++++++++++++++++++++++++++++++

Path Begin       : vgactrl/hcount_703__i9/Q  (SLICE_R14C13B)
Path End         : score/hcount_d1__i9/D  (SLICE_R15C13A)
Source Clock     : pll_clk_internal (R)
Destination Clock: pll_clk_internal (R)
Logic Level      : 2
Delay Ratio      : 40.8% (route), 59.2% (logic)
Clock Skew       : 0.000 ns 
Hold Constraint  : 0.000 ns 
Path Slack       : 1.743 ns  (Passed)


Source Clock Path
Name                                      Cell/Site Name     Delay Name       Incr   Arrival/Required Time  Fanout  
----------------------------------------  -----------------  ---------------  -----  ---------------------  ------  
pllclk.u_hsosc/CLKHF                      HFOSC_HFOSC_R1C32  CLOCK LATENCY    0.000                  0.000  3       
pllclk/clk_ref                                               NET DELAY        2.780                  2.780  3       
pllclk/u_pll/REFERENCECLK->pllclk/u_pll/OUTGLOBAL
                                          PLL_PLL_R13C32                      0.000                  2.780  61      
pllclk/u_pll/REFERENCECLK->pllclk/u_pll/OUTGLOBAL (TOTAL_ADJUSTMENTS)
                                          PLL_PLL_R13C32                      0.150                  2.930  61      
pllclk/pll_clk_internal                                      NET DELAY        3.084                  6.014  61      
{vgactrl/hcount_703__i8/CK   vgactrl/hcount_703__i9/CK}
                                                             CLOCK PIN        0.000                  6.014  1       


Data Path
Name                                      Cell/Site Name     Delay Name       Incr   Arrival/Required Time  Fanout  
----------------------------------------  -----------------  ---------------  -----  ---------------------  ------  
vgactrl/hcount_703__i9/CK->vgactrl/hcount_703__i9/Q
                                          SLICE_R14C13B      CLK_TO_Q1_DELAY  0.779                  6.793  5       
vgactrl/hcount[9]                                            NET DELAY        0.712                  7.505  5       
SLICE_82/D0->SLICE_82/F0                  SLICE_R15C13A      D0_TO_F0_DELAY   0.252                  7.757  1       
hcount[9].sig_021.FeedThruLUT                                NET DELAY        0.000                  7.757  1       
score/hcount_d1__i9/D                                        ENDPOINT         0.000                  7.757  1       


Destination Clock Path
Name                                      Cell/Site Name     Delay Name       Incr   Arrival/Required Time  Fanout  
----------------------------------------  -----------------  ---------------  -----  ---------------------  ------  
                                                             CONSTRAINT       0.000                  0.000  1       
pllclk.u_hsosc/CLKHF                      HFOSC_HFOSC_R1C32  CLOCK LATENCY    0.000                  0.000  3       
pllclk/clk_ref                                               NET DELAY        2.780                  2.780  3       
pllclk/u_pll/REFERENCECLK->pllclk/u_pll/OUTGLOBAL
                                          PLL_PLL_R13C32                      0.000                  2.780  61      
pllclk/u_pll/REFERENCECLK->pllclk/u_pll/OUTGLOBAL (TOTAL_ADJUSTMENTS)
                                          PLL_PLL_R13C32                      0.150                  2.930  61      
pllclk/pll_clk_internal                                      NET DELAY        3.084                  6.014  61      
{score/hcount_d1__i9/CK   score/hcount_d1__i8/CK}
                                                             CLOCK PIN        0.000                  6.014  1       
                                                             Uncertainty      0.000                  6.014  
                                                             Hold time        0.000                  6.014  
----------------------------------------  -----------------  ---------------  -----  ---------------------  ------  
Required Time                                                                                       -6.014  
Arrival Time                                                                                         7.757  
----------------------------------------  -----------------  ---------------  -----  ---------------------  ------  
Path Slack  (Passed)                                                                                 1.743  




++++ Path 2 ++++++++++++++++++++++++++++++++++++++++++++++++++++++++++ 

Path Begin       : vgactrl/hcount_703__i8/Q  (SLICE_R14C13B)
Path End         : score/hcount_d1__i8/D  (SLICE_R15C13A)
Source Clock     : pll_clk_internal (R)
Destination Clock: pll_clk_internal (R)
Logic Level      : 2
Delay Ratio      : 40.8% (route), 59.2% (logic)
Clock Skew       : 0.000 ns 
Hold Constraint  : 0.000 ns 
Path Slack       : 1.743 ns  (Passed)


Source Clock Path
Name                                      Cell/Site Name     Delay Name       Incr   Arrival/Required Time  Fanout  
----------------------------------------  -----------------  ---------------  -----  ---------------------  ------  
pllclk.u_hsosc/CLKHF                      HFOSC_HFOSC_R1C32  CLOCK LATENCY    0.000                  0.000  3       
pllclk/clk_ref                                               NET DELAY        2.780                  2.780  3       
pllclk/u_pll/REFERENCECLK->pllclk/u_pll/OUTGLOBAL
                                          PLL_PLL_R13C32                      0.000                  2.780  61      
pllclk/u_pll/REFERENCECLK->pllclk/u_pll/OUTGLOBAL (TOTAL_ADJUSTMENTS)
                                          PLL_PLL_R13C32                      0.150                  2.930  61      
pllclk/pll_clk_internal                                      NET DELAY        3.084                  6.014  61      
{vgactrl/hcount_703__i8/CK   vgactrl/hcount_703__i9/CK}
                                                             CLOCK PIN        0.000                  6.014  1       


Data Path
Name                                      Cell/Site Name     Delay Name       Incr   Arrival/Required Time  Fanout  
----------------------------------------  -----------------  ---------------  -----  ---------------------  ------  
vgactrl/hcount_703__i8/CK->vgactrl/hcount_703__i8/Q
                                          SLICE_R14C13B      CLK_TO_Q0_DELAY  0.779                  6.793  5       
vgactrl/hcount[8]                                            NET DELAY        0.712                  7.505  5       
SLICE_82/D1->SLICE_82/F1                  SLICE_R15C13A      D1_TO_F1_DELAY   0.252                  7.757  1       
hcount[8].sig_022.FeedThruLUT                                NET DELAY        0.000                  7.757  1       
score/hcount_d1__i8/D                                        ENDPOINT         0.000                  7.757  1       


Destination Clock Path
Name                                      Cell/Site Name     Delay Name       Incr   Arrival/Required Time  Fanout  
----------------------------------------  -----------------  ---------------  -----  ---------------------  ------  
                                                             CONSTRAINT       0.000                  0.000  1       
pllclk.u_hsosc/CLKHF                      HFOSC_HFOSC_R1C32  CLOCK LATENCY    0.000                  0.000  3       
pllclk/clk_ref                                               NET DELAY        2.780                  2.780  3       
pllclk/u_pll/REFERENCECLK->pllclk/u_pll/OUTGLOBAL
                                          PLL_PLL_R13C32                      0.000                  2.780  61      
pllclk/u_pll/REFERENCECLK->pllclk/u_pll/OUTGLOBAL (TOTAL_ADJUSTMENTS)
                                          PLL_PLL_R13C32                      0.150                  2.930  61      
pllclk/pll_clk_internal                                      NET DELAY        3.084                  6.014  61      
{score/hcount_d1__i9/CK   score/hcount_d1__i8/CK}
                                                             CLOCK PIN        0.000                  6.014  1       
                                                             Uncertainty      0.000                  6.014  
                                                             Hold time        0.000                  6.014  
----------------------------------------  -----------------  ---------------  -----  ---------------------  ------  
Required Time                                                                                       -6.014  
Arrival Time                                                                                         7.757  
----------------------------------------  -----------------  ---------------  -----  ---------------------  ------  
Path Slack  (Passed)                                                                                 1.743  




++++ Path 3 ++++++++++++++++++++++++++++++++++++++++++++++++++++++++++ 

Path Begin       : vgactrl/hcount_703__i10/Q  (SLICE_R14C12C)
Path End         : score/hcount_d1__i10/D  (SLICE_R14C12C)
Source Clock     : pll_clk_internal (R)
Destination Clock: pll_clk_internal (R)
Logic Level      : 2
Delay Ratio      : 40.8% (route), 59.2% (logic)
Clock Skew       : 0.000 ns 
Hold Constraint  : 0.000 ns 
Path Slack       : 1.743 ns  (Passed)


Source Clock Path
Name                                      Cell/Site Name     Delay Name       Incr   Arrival/Required Time  Fanout  
----------------------------------------  -----------------  ---------------  -----  ---------------------  ------  
pllclk.u_hsosc/CLKHF                      HFOSC_HFOSC_R1C32  CLOCK LATENCY    0.000                  0.000  3       
pllclk/clk_ref                                               NET DELAY        2.780                  2.780  3       
pllclk/u_pll/REFERENCECLK->pllclk/u_pll/OUTGLOBAL
                                          PLL_PLL_R13C32                      0.000                  2.780  61      
pllclk/u_pll/REFERENCECLK->pllclk/u_pll/OUTGLOBAL (TOTAL_ADJUSTMENTS)
                                          PLL_PLL_R13C32                      0.150                  2.930  61      
pllclk/pll_clk_internal                                      NET DELAY        3.084                  6.014  61      
{score/hcount_d1__i10/CK   vgactrl/hcount_703__i10/CK}
                                                             CLOCK PIN        0.000                  6.014  1       


Data Path
Name                                      Cell/Site Name     Delay Name       Incr   Arrival/Required Time  Fanout  
----------------------------------------  -----------------  ---------------  -----  ---------------------  ------  
vgactrl/hcount_703__i10/CK->vgactrl/hcount_703__i10/Q
                                          SLICE_R14C12C      CLK_TO_Q1_DELAY  0.779                  6.793  5       
vgactrl/hcount[10]                                           NET DELAY        0.712                  7.505  5       
SLICE_79/D0->SLICE_79/F0                  SLICE_R14C12C      D0_TO_F0_DELAY   0.252                  7.757  1       
hcount[10].sig_018.FeedThruLUT                               NET DELAY        0.000                  7.757  1       
score/hcount_d1__i10/D                                       ENDPOINT         0.000                  7.757  1       


Destination Clock Path
Name                                      Cell/Site Name     Delay Name       Incr   Arrival/Required Time  Fanout  
----------------------------------------  -----------------  ---------------  -----  ---------------------  ------  
                                                             CONSTRAINT       0.000                  0.000  1       
pllclk.u_hsosc/CLKHF                      HFOSC_HFOSC_R1C32  CLOCK LATENCY    0.000                  0.000  3       
pllclk/clk_ref                                               NET DELAY        2.780                  2.780  3       
pllclk/u_pll/REFERENCECLK->pllclk/u_pll/OUTGLOBAL
                                          PLL_PLL_R13C32                      0.000                  2.780  61      
pllclk/u_pll/REFERENCECLK->pllclk/u_pll/OUTGLOBAL (TOTAL_ADJUSTMENTS)
                                          PLL_PLL_R13C32                      0.150                  2.930  61      
pllclk/pll_clk_internal                                      NET DELAY        3.084                  6.014  61      
{score/hcount_d1__i10/CK   vgactrl/hcount_703__i10/CK}
                                                             CLOCK PIN        0.000                  6.014  1       
                                                             Uncertainty      0.000                  6.014  
                                                             Hold time        0.000                  6.014  
----------------------------------------  -----------------  ---------------  -----  ---------------------  ------  
Required Time                                                                                       -6.014  
Arrival Time                                                                                         7.757  
----------------------------------------  -----------------  ---------------  -----  ---------------------  ------  
Path Slack  (Passed)                                                                                 1.743  




++++ Path 4 ++++++++++++++++++++++++++++++++++++++++++++++++++++++++++ 

Path Begin       : vgactrl/vcount_704__i6/Q  (SLICE_R9C13B)
Path End         : score/vcount_d1__i6/D  (SLICE_R9C12B)
Source Clock     : pll_clk_internal (R)
Destination Clock: pll_clk_internal (R)
Logic Level      : 2
Delay Ratio      : 40.8% (route), 59.2% (logic)
Clock Skew       : 0.000 ns 
Hold Constraint  : 0.000 ns 
Path Slack       : 1.743 ns  (Passed)


Source Clock Path
Name                                      Cell/Site Name     Delay Name       Incr   Arrival/Required Time  Fanout  
----------------------------------------  -----------------  ---------------  -----  ---------------------  ------  
pllclk.u_hsosc/CLKHF                      HFOSC_HFOSC_R1C32  CLOCK LATENCY    0.000                  0.000  3       
pllclk/clk_ref                                               NET DELAY        2.780                  2.780  3       
pllclk/u_pll/REFERENCECLK->pllclk/u_pll/OUTGLOBAL
                                          PLL_PLL_R13C32                      0.000                  2.780  61      
pllclk/u_pll/REFERENCECLK->pllclk/u_pll/OUTGLOBAL (TOTAL_ADJUSTMENTS)
                                          PLL_PLL_R13C32                      0.150                  2.930  61      
pllclk/pll_clk_internal                                      NET DELAY        3.084                  6.014  61      
{vgactrl/vcount_704__i6/CK   vgactrl/vcount_704__i7/CK}
                                                             CLOCK PIN        0.000                  6.014  1       


Data Path
Name                                      Cell/Site Name     Delay Name       Incr   Arrival/Required Time  Fanout  
----------------------------------------  -----------------  ---------------  -----  ---------------------  ------  
vgactrl/vcount_704__i6/CK->vgactrl/vcount_704__i6/Q
                                          SLICE_R9C13B       CLK_TO_Q0_DELAY  0.779                  6.793  18      
vgactrl/vcount[6]                                            NET DELAY        0.712                  7.505  18      
SLICE_78/D1->SLICE_78/F1                  SLICE_R9C12B       D1_TO_F1_DELAY   0.252                  7.757  1       
vcount[6].sig_019.FeedThruLUT                                NET DELAY        0.000                  7.757  1       
score/vcount_d1__i6/D                                        ENDPOINT         0.000                  7.757  1       


Destination Clock Path
Name                                      Cell/Site Name     Delay Name       Incr   Arrival/Required Time  Fanout  
----------------------------------------  -----------------  ---------------  -----  ---------------------  ------  
                                                             CONSTRAINT       0.000                  0.000  1       
pllclk.u_hsosc/CLKHF                      HFOSC_HFOSC_R1C32  CLOCK LATENCY    0.000                  0.000  3       
pllclk/clk_ref                                               NET DELAY        2.780                  2.780  3       
pllclk/u_pll/REFERENCECLK->pllclk/u_pll/OUTGLOBAL
                                          PLL_PLL_R13C32                      0.000                  2.780  61      
pllclk/u_pll/REFERENCECLK->pllclk/u_pll/OUTGLOBAL (TOTAL_ADJUSTMENTS)
                                          PLL_PLL_R13C32                      0.150                  2.930  61      
pllclk/pll_clk_internal                                      NET DELAY        3.084                  6.014  61      
{score/vcount_d1__i7/CK   score/vcount_d1__i6/CK}
                                                             CLOCK PIN        0.000                  6.014  1       
                                                             Uncertainty      0.000                  6.014  
                                                             Hold time        0.000                  6.014  
----------------------------------------  -----------------  ---------------  -----  ---------------------  ------  
Required Time                                                                                       -6.014  
Arrival Time                                                                                         7.757  
----------------------------------------  -----------------  ---------------  -----  ---------------------  ------  
Path Slack  (Passed)                                                                                 1.743  




++++ Path 5 ++++++++++++++++++++++++++++++++++++++++++++++++++++++++++ 

Path Begin       : score/hcount_d1__i1/Q  (SLICE_R17C14A)
Path End         : score/hcount_d2__i1/D  (SLICE_R17C14B)
Source Clock     : pll_clk_internal (R)
Destination Clock: pll_clk_internal (R)
Logic Level      : 2
Delay Ratio      : 40.8% (route), 59.2% (logic)
Clock Skew       : 0.000 ns 
Hold Constraint  : 0.000 ns 
Path Slack       : 1.743 ns  (Passed)


Source Clock Path
Name                                      Cell/Site Name     Delay Name       Incr   Arrival/Required Time  Fanout  
----------------------------------------  -----------------  ---------------  -----  ---------------------  ------  
pllclk.u_hsosc/CLKHF                      HFOSC_HFOSC_R1C32  CLOCK LATENCY    0.000                  0.000  3       
pllclk/clk_ref                                               NET DELAY        2.780                  2.780  3       
pllclk/u_pll/REFERENCECLK->pllclk/u_pll/OUTGLOBAL
                                          PLL_PLL_R13C32                      0.000                  2.780  61      
pllclk/u_pll/REFERENCECLK->pllclk/u_pll/OUTGLOBAL (TOTAL_ADJUSTMENTS)
                                          PLL_PLL_R13C32                      0.150                  2.930  61      
pllclk/pll_clk_internal                                      NET DELAY        3.084                  6.014  61      
{score/hcount_d1__i1/CK   score/hcount_d1__i0/CK}
                                                             CLOCK PIN        0.000                  6.014  1       


Data Path
Name                                      Cell/Site Name     Delay Name       Incr   Arrival/Required Time  Fanout  
----------------------------------------  -----------------  ---------------  -----  ---------------------  ------  
score/hcount_d1__i1/CK->score/hcount_d1__i1/Q
                                          SLICE_R17C14A      CLK_TO_Q0_DELAY  0.779                  6.793  2       
score/note_rom_inst/hcount_d1[1]                             NET DELAY        0.712                  7.505  2       
score.SLICE_76/D0->score.SLICE_76/F0      SLICE_R17C14B      D0_TO_F0_DELAY   0.252                  7.757  1       
score.hcount_d1[1].sig_015.FeedThruLUT                       NET DELAY        0.000                  7.757  1       
score/hcount_d2__i1/D                                        ENDPOINT         0.000                  7.757  1       


Destination Clock Path
Name                                      Cell/Site Name     Delay Name       Incr   Arrival/Required Time  Fanout  
----------------------------------------  -----------------  ---------------  -----  ---------------------  ------  
                                                             CONSTRAINT       0.000                  0.000  1       
pllclk.u_hsosc/CLKHF                      HFOSC_HFOSC_R1C32  CLOCK LATENCY    0.000                  0.000  3       
pllclk/clk_ref                                               NET DELAY        2.780                  2.780  3       
pllclk/u_pll/REFERENCECLK->pllclk/u_pll/OUTGLOBAL
                                          PLL_PLL_R13C32                      0.000                  2.780  61      
pllclk/u_pll/REFERENCECLK->pllclk/u_pll/OUTGLOBAL (TOTAL_ADJUSTMENTS)
                                          PLL_PLL_R13C32                      0.150                  2.930  61      
pllclk/pll_clk_internal                                      NET DELAY        3.084                  6.014  61      
{score/hcount_d2__i1/CK   score/hcount_d2__i0/CK}
                                                             CLOCK PIN        0.000                  6.014  1       
                                                             Uncertainty      0.000                  6.014  
                                                             Hold time        0.000                  6.014  
----------------------------------------  -----------------  ---------------  -----  ---------------------  ------  
Required Time                                                                                       -6.014  
Arrival Time                                                                                         7.757  
----------------------------------------  -----------------  ---------------  -----  ---------------------  ------  
Path Slack  (Passed)                                                                                 1.743  




++++ Path 6 ++++++++++++++++++++++++++++++++++++++++++++++++++++++++++ 

Path Begin       : score/hcount_d1__i0/Q  (SLICE_R17C14A)
Path End         : score/hcount_d2__i0/D  (SLICE_R17C14B)
Source Clock     : pll_clk_internal (R)
Destination Clock: pll_clk_internal (R)
Logic Level      : 2
Delay Ratio      : 40.8% (route), 59.2% (logic)
Clock Skew       : 0.000 ns 
Hold Constraint  : 0.000 ns 
Path Slack       : 1.743 ns  (Passed)


Source Clock Path
Name                                      Cell/Site Name     Delay Name       Incr   Arrival/Required Time  Fanout  
----------------------------------------  -----------------  ---------------  -----  ---------------------  ------  
pllclk.u_hsosc/CLKHF                      HFOSC_HFOSC_R1C32  CLOCK LATENCY    0.000                  0.000  3       
pllclk/clk_ref                                               NET DELAY        2.780                  2.780  3       
pllclk/u_pll/REFERENCECLK->pllclk/u_pll/OUTGLOBAL
                                          PLL_PLL_R13C32                      0.000                  2.780  61      
pllclk/u_pll/REFERENCECLK->pllclk/u_pll/OUTGLOBAL (TOTAL_ADJUSTMENTS)
                                          PLL_PLL_R13C32                      0.150                  2.930  61      
pllclk/pll_clk_internal                                      NET DELAY        3.084                  6.014  61      
{score/hcount_d1__i1/CK   score/hcount_d1__i0/CK}
                                                             CLOCK PIN        0.000                  6.014  1       


Data Path
Name                                      Cell/Site Name     Delay Name       Incr   Arrival/Required Time  Fanout  
----------------------------------------  -----------------  ---------------  -----  ---------------------  ------  
score/hcount_d1__i0/CK->score/hcount_d1__i0/Q
                                          SLICE_R17C14A      CLK_TO_Q1_DELAY  0.779                  6.793  2       
score/note_rom_inst/hcount_d1[0]                             NET DELAY        0.712                  7.505  2       
score.SLICE_76/D1->score.SLICE_76/F1      SLICE_R17C14B      D1_TO_F1_DELAY   0.252                  7.757  1       
score.hcount_d1[0].sig_071.FeedThruLUT                       NET DELAY        0.000                  7.757  1       
score/hcount_d2__i0/D                                        ENDPOINT         0.000                  7.757  1       


Destination Clock Path
Name                                      Cell/Site Name     Delay Name       Incr   Arrival/Required Time  Fanout  
----------------------------------------  -----------------  ---------------  -----  ---------------------  ------  
                                                             CONSTRAINT       0.000                  0.000  1       
pllclk.u_hsosc/CLKHF                      HFOSC_HFOSC_R1C32  CLOCK LATENCY    0.000                  0.000  3       
pllclk/clk_ref                                               NET DELAY        2.780                  2.780  3       
pllclk/u_pll/REFERENCECLK->pllclk/u_pll/OUTGLOBAL
                                          PLL_PLL_R13C32                      0.000                  2.780  61      
pllclk/u_pll/REFERENCECLK->pllclk/u_pll/OUTGLOBAL (TOTAL_ADJUSTMENTS)
                                          PLL_PLL_R13C32                      0.150                  2.930  61      
pllclk/pll_clk_internal                                      NET DELAY        3.084                  6.014  61      
{score/hcount_d2__i1/CK   score/hcount_d2__i0/CK}
                                                             CLOCK PIN        0.000                  6.014  1       
                                                             Uncertainty      0.000                  6.014  
                                                             Hold time        0.000                  6.014  
----------------------------------------  -----------------  ---------------  -----  ---------------------  ------  
Required Time                                                                                       -6.014  
Arrival Time                                                                                         7.757  
----------------------------------------  -----------------  ---------------  -----  ---------------------  ------  
Path Slack  (Passed)                                                                                 1.743  




++++ Path 7 ++++++++++++++++++++++++++++++++++++++++++++++++++++++++++ 

Path Begin       : score/hcount_d1__i7/Q  (SLICE_R15C12A)
Path End         : score/hcount_d2__i7/D  (SLICE_R16C12D)
Source Clock     : pll_clk_internal (R)
Destination Clock: pll_clk_internal (R)
Logic Level      : 2
Delay Ratio      : 40.8% (route), 59.2% (logic)
Clock Skew       : 0.000 ns 
Hold Constraint  : 0.000 ns 
Path Slack       : 1.743 ns  (Passed)


Source Clock Path
Name                                      Cell/Site Name     Delay Name       Incr   Arrival/Required Time  Fanout  
----------------------------------------  -----------------  ---------------  -----  ---------------------  ------  
pllclk.u_hsosc/CLKHF                      HFOSC_HFOSC_R1C32  CLOCK LATENCY    0.000                  0.000  3       
pllclk/clk_ref                                               NET DELAY        2.780                  2.780  3       
pllclk/u_pll/REFERENCECLK->pllclk/u_pll/OUTGLOBAL
                                          PLL_PLL_R13C32                      0.000                  2.780  61      
pllclk/u_pll/REFERENCECLK->pllclk/u_pll/OUTGLOBAL (TOTAL_ADJUSTMENTS)
                                          PLL_PLL_R13C32                      0.150                  2.930  61      
pllclk/pll_clk_internal                                      NET DELAY        3.084                  6.014  61      
{score/hcount_d1__i7/CK   score/hcount_d1__i6/CK}
                                                             CLOCK PIN        0.000                  6.014  1       


Data Path
Name                                      Cell/Site Name     Delay Name       Incr   Arrival/Required Time  Fanout  
----------------------------------------  -----------------  ---------------  -----  ---------------------  ------  
score/hcount_d1__i7/CK->score/hcount_d1__i7/Q
                                          SLICE_R15C12A      CLK_TO_Q0_DELAY  0.779                  6.793  3       
score/hcount_d1[7]                                           NET DELAY        0.712                  7.505  3       
score.SLICE_66/D0->score.SLICE_66/F0      SLICE_R16C12D      D0_TO_F0_DELAY   0.252                  7.757  1       
score.hcount_d1[7].sig_005.FeedThruLUT                       NET DELAY        0.000                  7.757  1       
score/hcount_d2__i7/D                                        ENDPOINT         0.000                  7.757  1       


Destination Clock Path
Name                                      Cell/Site Name     Delay Name       Incr   Arrival/Required Time  Fanout  
----------------------------------------  -----------------  ---------------  -----  ---------------------  ------  
                                                             CONSTRAINT       0.000                  0.000  1       
pllclk.u_hsosc/CLKHF                      HFOSC_HFOSC_R1C32  CLOCK LATENCY    0.000                  0.000  3       
pllclk/clk_ref                                               NET DELAY        2.780                  2.780  3       
pllclk/u_pll/REFERENCECLK->pllclk/u_pll/OUTGLOBAL
                                          PLL_PLL_R13C32                      0.000                  2.780  61      
pllclk/u_pll/REFERENCECLK->pllclk/u_pll/OUTGLOBAL (TOTAL_ADJUSTMENTS)
                                          PLL_PLL_R13C32                      0.150                  2.930  61      
pllclk/pll_clk_internal                                      NET DELAY        3.084                  6.014  61      
{score/hcount_d2__i7/CK   score/hcount_d2__i6/CK}
                                                             CLOCK PIN        0.000                  6.014  1       
                                                             Uncertainty      0.000                  6.014  
                                                             Hold time        0.000                  6.014  
----------------------------------------  -----------------  ---------------  -----  ---------------------  ------  
Required Time                                                                                       -6.014  
Arrival Time                                                                                         7.757  
----------------------------------------  -----------------  ---------------  -----  ---------------------  ------  
Path Slack  (Passed)                                                                                 1.743  




++++ Path 8 ++++++++++++++++++++++++++++++++++++++++++++++++++++++++++ 

Path Begin       : score/hcount_d1__i6/Q  (SLICE_R15C12A)
Path End         : score/hcount_d2__i6/D  (SLICE_R16C12D)
Source Clock     : pll_clk_internal (R)
Destination Clock: pll_clk_internal (R)
Logic Level      : 2
Delay Ratio      : 40.8% (route), 59.2% (logic)
Clock Skew       : 0.000 ns 
Hold Constraint  : 0.000 ns 
Path Slack       : 1.743 ns  (Passed)


Source Clock Path
Name                                      Cell/Site Name     Delay Name       Incr   Arrival/Required Time  Fanout  
----------------------------------------  -----------------  ---------------  -----  ---------------------  ------  
pllclk.u_hsosc/CLKHF                      HFOSC_HFOSC_R1C32  CLOCK LATENCY    0.000                  0.000  3       
pllclk/clk_ref                                               NET DELAY        2.780                  2.780  3       
pllclk/u_pll/REFERENCECLK->pllclk/u_pll/OUTGLOBAL
                                          PLL_PLL_R13C32                      0.000                  2.780  61      
pllclk/u_pll/REFERENCECLK->pllclk/u_pll/OUTGLOBAL (TOTAL_ADJUSTMENTS)
                                          PLL_PLL_R13C32                      0.150                  2.930  61      
pllclk/pll_clk_internal                                      NET DELAY        3.084                  6.014  61      
{score/hcount_d1__i7/CK   score/hcount_d1__i6/CK}
                                                             CLOCK PIN        0.000                  6.014  1       


Data Path
Name                                      Cell/Site Name     Delay Name       Incr   Arrival/Required Time  Fanout  
----------------------------------------  -----------------  ---------------  -----  ---------------------  ------  
score/hcount_d1__i6/CK->score/hcount_d1__i6/Q
                                          SLICE_R15C12A      CLK_TO_Q1_DELAY  0.779                  6.793  3       
score/hcount_d1[6]                                           NET DELAY        0.712                  7.505  3       
score.SLICE_66/D1->score.SLICE_66/F1      SLICE_R16C12D      D1_TO_F1_DELAY   0.252                  7.757  1       
score.hcount_d1[6].sig_010.FeedThruLUT                       NET DELAY        0.000                  7.757  1       
score/hcount_d2__i6/D                                        ENDPOINT         0.000                  7.757  1       


Destination Clock Path
Name                                      Cell/Site Name     Delay Name       Incr   Arrival/Required Time  Fanout  
----------------------------------------  -----------------  ---------------  -----  ---------------------  ------  
                                                             CONSTRAINT       0.000                  0.000  1       
pllclk.u_hsosc/CLKHF                      HFOSC_HFOSC_R1C32  CLOCK LATENCY    0.000                  0.000  3       
pllclk/clk_ref                                               NET DELAY        2.780                  2.780  3       
pllclk/u_pll/REFERENCECLK->pllclk/u_pll/OUTGLOBAL
                                          PLL_PLL_R13C32                      0.000                  2.780  61      
pllclk/u_pll/REFERENCECLK->pllclk/u_pll/OUTGLOBAL (TOTAL_ADJUSTMENTS)
                                          PLL_PLL_R13C32                      0.150                  2.930  61      
pllclk/pll_clk_internal                                      NET DELAY        3.084                  6.014  61      
{score/hcount_d2__i7/CK   score/hcount_d2__i6/CK}
                                                             CLOCK PIN        0.000                  6.014  1       
                                                             Uncertainty      0.000                  6.014  
                                                             Hold time        0.000                  6.014  
----------------------------------------  -----------------  ---------------  -----  ---------------------  ------  
Required Time                                                                                       -6.014  
Arrival Time                                                                                         7.757  
----------------------------------------  -----------------  ---------------  -----  ---------------------  ------  
Path Slack  (Passed)                                                                                 1.743  




++++ Path 9 ++++++++++++++++++++++++++++++++++++++++++++++++++++++++++ 

Path Begin       : score/hcount_d1__i9/Q  (SLICE_R15C13A)
Path End         : score/hcount_d2__i9/D  (SLICE_R16C12C)
Source Clock     : pll_clk_internal (R)
Destination Clock: pll_clk_internal (R)
Logic Level      : 2
Delay Ratio      : 40.8% (route), 59.2% (logic)
Clock Skew       : 0.000 ns 
Hold Constraint  : 0.000 ns 
Path Slack       : 1.743 ns  (Passed)


Source Clock Path
Name                                      Cell/Site Name     Delay Name       Incr   Arrival/Required Time  Fanout  
----------------------------------------  -----------------  ---------------  -----  ---------------------  ------  
pllclk.u_hsosc/CLKHF                      HFOSC_HFOSC_R1C32  CLOCK LATENCY    0.000                  0.000  3       
pllclk/clk_ref                                               NET DELAY        2.780                  2.780  3       
pllclk/u_pll/REFERENCECLK->pllclk/u_pll/OUTGLOBAL
                                          PLL_PLL_R13C32                      0.000                  2.780  61      
pllclk/u_pll/REFERENCECLK->pllclk/u_pll/OUTGLOBAL (TOTAL_ADJUSTMENTS)
                                          PLL_PLL_R13C32                      0.150                  2.930  61      
pllclk/pll_clk_internal                                      NET DELAY        3.084                  6.014  61      
{score/hcount_d1__i9/CK   score/hcount_d1__i8/CK}
                                                             CLOCK PIN        0.000                  6.014  1       


Data Path
Name                                      Cell/Site Name     Delay Name       Incr   Arrival/Required Time  Fanout  
----------------------------------------  -----------------  ---------------  -----  ---------------------  ------  
score/hcount_d1__i9/CK->score/hcount_d1__i9/Q
                                          SLICE_R15C13A      CLK_TO_Q0_DELAY  0.779                  6.793  3       
score/hcount_d1[9]                                           NET DELAY        0.712                  7.505  3       
score.SLICE_64/D0->score.SLICE_64/F0      SLICE_R16C12C      D0_TO_F0_DELAY   0.252                  7.757  1       
score.hcount_d1[9].sig_003.FeedThruLUT                       NET DELAY        0.000                  7.757  1       
score/hcount_d2__i9/D                                        ENDPOINT         0.000                  7.757  1       


Destination Clock Path
Name                                      Cell/Site Name     Delay Name       Incr   Arrival/Required Time  Fanout  
----------------------------------------  -----------------  ---------------  -----  ---------------------  ------  
                                                             CONSTRAINT       0.000                  0.000  1       
pllclk.u_hsosc/CLKHF                      HFOSC_HFOSC_R1C32  CLOCK LATENCY    0.000                  0.000  3       
pllclk/clk_ref                                               NET DELAY        2.780                  2.780  3       
pllclk/u_pll/REFERENCECLK->pllclk/u_pll/OUTGLOBAL
                                          PLL_PLL_R13C32                      0.000                  2.780  61      
pllclk/u_pll/REFERENCECLK->pllclk/u_pll/OUTGLOBAL (TOTAL_ADJUSTMENTS)
                                          PLL_PLL_R13C32                      0.150                  2.930  61      
pllclk/pll_clk_internal                                      NET DELAY        3.084                  6.014  61      
{score/hcount_d2__i9/CK   score/hcount_d2__i8/CK}
                                                             CLOCK PIN        0.000                  6.014  1       
                                                             Uncertainty      0.000                  6.014  
                                                             Hold time        0.000                  6.014  
----------------------------------------  -----------------  ---------------  -----  ---------------------  ------  
Required Time                                                                                       -6.014  
Arrival Time                                                                                         7.757  
----------------------------------------  -----------------  ---------------  -----  ---------------------  ------  
Path Slack  (Passed)                                                                                 1.743  




++++ Path 10 ++++++++++++++++++++++++++++++++++++++++++++++++++++++++++ 

Path Begin       : score/hcount_d1__i8/Q  (SLICE_R15C13A)
Path End         : score/hcount_d2__i8/D  (SLICE_R16C12C)
Source Clock     : pll_clk_internal (R)
Destination Clock: pll_clk_internal (R)
Logic Level      : 2
Delay Ratio      : 40.8% (route), 59.2% (logic)
Clock Skew       : 0.000 ns 
Hold Constraint  : 0.000 ns 
Path Slack       : 1.743 ns  (Passed)


Source Clock Path
Name                                      Cell/Site Name     Delay Name       Incr   Arrival/Required Time  Fanout  
----------------------------------------  -----------------  ---------------  -----  ---------------------  ------  
pllclk.u_hsosc/CLKHF                      HFOSC_HFOSC_R1C32  CLOCK LATENCY    0.000                  0.000  3       
pllclk/clk_ref                                               NET DELAY        2.780                  2.780  3       
pllclk/u_pll/REFERENCECLK->pllclk/u_pll/OUTGLOBAL
                                          PLL_PLL_R13C32                      0.000                  2.780  61      
pllclk/u_pll/REFERENCECLK->pllclk/u_pll/OUTGLOBAL (TOTAL_ADJUSTMENTS)
                                          PLL_PLL_R13C32                      0.150                  2.930  61      
pllclk/pll_clk_internal                                      NET DELAY        3.084                  6.014  61      
{score/hcount_d1__i9/CK   score/hcount_d1__i8/CK}
                                                             CLOCK PIN        0.000                  6.014  1       


Data Path
Name                                      Cell/Site Name     Delay Name       Incr   Arrival/Required Time  Fanout  
----------------------------------------  -----------------  ---------------  -----  ---------------------  ------  
score/hcount_d1__i8/CK->score/hcount_d1__i8/Q
                                          SLICE_R15C13A      CLK_TO_Q1_DELAY  0.779                  6.793  3       
score/hcount_d1[8]                                           NET DELAY        0.712                  7.505  3       
score.SLICE_64/D1->score.SLICE_64/F1      SLICE_R16C12C      D1_TO_F1_DELAY   0.252                  7.757  1       
score.hcount_d1[8].sig_004.FeedThruLUT                       NET DELAY        0.000                  7.757  1       
score/hcount_d2__i8/D                                        ENDPOINT         0.000                  7.757  1       


Destination Clock Path
Name                                      Cell/Site Name     Delay Name       Incr   Arrival/Required Time  Fanout  
----------------------------------------  -----------------  ---------------  -----  ---------------------  ------  
                                                             CONSTRAINT       0.000                  0.000  1       
pllclk.u_hsosc/CLKHF                      HFOSC_HFOSC_R1C32  CLOCK LATENCY    0.000                  0.000  3       
pllclk/clk_ref                                               NET DELAY        2.780                  2.780  3       
pllclk/u_pll/REFERENCECLK->pllclk/u_pll/OUTGLOBAL
                                          PLL_PLL_R13C32                      0.000                  2.780  61      
pllclk/u_pll/REFERENCECLK->pllclk/u_pll/OUTGLOBAL (TOTAL_ADJUSTMENTS)
                                          PLL_PLL_R13C32                      0.150                  2.930  61      
pllclk/pll_clk_internal                                      NET DELAY        3.084                  6.014  61      
{score/hcount_d2__i9/CK   score/hcount_d2__i8/CK}
                                                             CLOCK PIN        0.000                  6.014  1       
                                                             Uncertainty      0.000                  6.014  
                                                             Hold time        0.000                  6.014  
----------------------------------------  -----------------  ---------------  -----  ---------------------  ------  
Required Time                                                                                       -6.014  
Arrival Time                                                                                         7.757  
----------------------------------------  -----------------  ---------------  -----  ---------------------  ------  
Path Slack  (Passed)                                                                                 1.743  



+++++++++++++++++++++++++++++++++++++++++++++++++++++++++++++++++++++ 
                    End of Detailed Report for timing paths 
+++++++++++++++++++++++++++++++++++++++++++++++++++++++++++++++++++++ 


##########################################################



