Lattice Timing Report -  Setup  and Hold, Version Radiant Software (64-bit) 2025.1.0.39.0

Wed Dec  3 11:01:49 2025

Copyright (c) 1991-1994 by NeoCAD Inc. All rights reserved.
Copyright (c) 1995 AT&T Corp.   All rights reserved.
Copyright (c) 1995-2001 Lucent Technologies Inc.  All rights reserved.
Copyright (c) 2001 Agere Systems   All rights reserved.
Copyright (c) 2002-2025 Lattice Semiconductor Corporation,  All rights reserved.

Command line:    timing -sethld -v 10 -u 10 -endpoints 10 -nperend 1 -sp High-Performance_1.2V -hsp m -pwrprd -html -rpt proj_spi_impl_1.twr proj_spi_impl_1.udb -gui -msgset C:/Users/User/Desktop/proj_spi/proj_spi/promote.xml

-----------------------------------------
Design:          top
Family:          iCE40UP
Device:          iCE40UP5K
Package:         SG48
Performance:     High-Performance_1.2V
Package Status:                     Preliminary    Version 1.5
**Performance Hardware Data Status :   Advanced Version 1.0
-----------------------------------------


=====================================================================
                    Table of Contents
=====================================================================
    1  Timing Overview
        1.1  SDC Constraints
        1.2  Constraint Coverage
        1.3  Overall Summary
        1.4  Unconstrained Report
        1.5  Combinational Loop
    2  Setup at Speed Grade High-Performance_1.2V Corner at 100 Degrees
        2.1  Clock Summary
        2.2  Endpoint slacks
        2.3  Detailed Report
    3  Hold at Speed Grade m Corner at -40 Degrees
        3.1  Endpoint slacks
        3.2  Detailed Report

=====================================================================
                    End of Table of Contents
=====================================================================

==============================================
1  Timing Overview
==============================================

1.1  SDC Constraints
=====================
create_clock -name {clk} -period 20.8333 [get_pins {hf_osc/CLKHF }] 
create_generated_clock -name {vgatop_inst/pll_clk_internal} -source [get_pins {vgatop_inst/pllclk/u_pll/REFERENCECLK}] -multiply_by 17 -divide_by 32 [get_pins {vgatop_inst/pllclk/u_pll/OUTGLOBAL }] 

1.2  Constraint Coverage
---------------------------
Constraint Coverage: 15.248%


1.3  Overall Summary
---------------------------
 Setup at Speed Grade High-Performance_1.2V Corner at 100 Degrees     Timing Errors: 0 endpoints;  Total Negative Slack: 0.000 ns 
 Hold at Speed Grade m Corner at -40 Degrees                          Timing Errors: 0 endpoints;  Total Negative Slack: 0.000 ns 

1.4  Unconstrained Report
===========================

1.4.1  Unconstrained Start/End Points
--------------------------------------

Clocked but unconstrained timing start points
-------------------------------------------------------------------
        Listing 10 Start Points         |           Type           
-------------------------------------------------------------------
vgatop_inst/score/vcount_d2__i1/Q       |          No required time
vgatop_inst/score/vcount_d2__i2/Q       |          No required time
vgatop_inst/score/note_x[9]__i4/Q       |          No required time
vgatop_inst/score/note_x[9]__i5/Q       |          No required time
vgatop_inst/score/note_x[9]__i6/Q       |          No required time
vgatop_inst/score/note_x[9]__i7/Q       |          No required time
vgatop_inst/score/note_x[9]__i8/Q       |          No required time
vgatop_inst/score/note_x[9]__i9/Q       |          No required time
vgatop_inst/score/note_x[9]__i10/Q      |          No required time
vgatop_inst/score/note_x[9]__i11/Q      |          No required time
-------------------------------------------------------------------
                                        |                          
Number of unconstrained timing start po |                          
ints                                    |                       115
                                        |                          
-------------------------------------------------------------------

Clocked but unconstrained timing end points
-------------------------------------------------------------------
         Listing 10 End Points          |           Type           
-------------------------------------------------------------------
vgatop_inst/score/current_x_pos_i10/SR  |           No arrival time
{vgatop_inst/score/current_x_pos_i8/SR   vgatop_inst/score/current_x_pos_i9/SR}                           
                                        |           No arrival time
{vgatop_inst/score/current_x_pos_i6/SR   vgatop_inst/score/current_x_pos_i7/SR}                           
                                        |           No arrival time
{vgatop_inst/score/current_x_pos_i4/SR   vgatop_inst/score/current_x_pos_i5/SR}                           
                                        |           No arrival time
vgatop_inst/score/current_x_pos_i3/SR   |           No arrival time
{fft_ctrl_inst/clk_div_counter_2147__i1/SR   fft_ctrl_inst/clk_div_counter_2147__i2/SR}                           
                                        |           No arrival time
{vgatop_inst/vgactrl/vcount_2149__i0/SR   vgatop_inst/vgactrl/vcount_2149__i1/SR}                           
                                        |           No arrival time
{vgatop_inst/vgactrl/vcount_2149__i9/SR   vgatop_inst/vgactrl/vcount_2149__i8/SR}                           
                                        |           No arrival time
{vgatop_inst/vgactrl/vcount_2149__i7/SR   vgatop_inst/vgactrl/vcount_2149__i6/SR}                           
                                        |           No arrival time
{vgatop_inst/vgactrl/vcount_2149__i5/SR   vgatop_inst/vgactrl/vcount_2149__i4/SR}                           
                                        |           No arrival time
-------------------------------------------------------------------
                                        |                          
Number of unconstrained timing end poin |                          
ts                                      |                        42
                                        |                          
-------------------------------------------------------------------

1.4.2  Start/End Points Without Timing Constraints
---------------------------------------------------

I/O ports without constraint
----------------------------
Possible constraints to use on I/O ports are:
set_input_delay,
set_output_delay,
set_max_delay,
create_clock,
create_generated_clock,
...

-------------------------------------------------------------------
     Listing 9 Start or End Points      |           Type           
-------------------------------------------------------------------
sclk                                    |                     input
reset                                   |                     input
cs                                      |                     input
mosi                                    |                     input
rgb[0]                                  |                    output
rgb[1]                                  |                    output
rgb[2]                                  |                    output
vsync                                   |                    output
hsync                                   |                    output
-------------------------------------------------------------------
                                        |                          
Number of I/O ports without constraint  |                         9
                                        |                          
-------------------------------------------------------------------

Nets without clock definition
Define a clock on a top level port or a generated clock on a clock divider pin associated with this net(s).
-------------------------------------------------------------------
            Listing 2 Net(s)            |        Source pin        
-------------------------------------------------------------------
fft_ctrl_inst.clk_adj_2358              |fft_ctrl_inst/clk_div_counter_2147__i2/Q
sclk_c                                  |        sclk_pad.bb_inst/O
-------------------------------------------------------------------
                                        |                          
Number of clock nets without clock defi |                          
nition                                  |                         2
                                        |                          
-------------------------------------------------------------------


1.5  Combinational Loop
========================
None

===============================================================
2  Setup at Speed Grade High-Performance_1.2V Corner at 100 Degrees
===============================================================

2.1  Clock Summary
=======================

2.1.1 Clock "vgatop_inst/pll_clk_internal"
=======================
create_generated_clock -name {vgatop_inst/pll_clk_internal} -source [get_pins {vgatop_inst/pllclk/u_pll/REFERENCECLK}] -multiply_by 17 -divide_by 32 [get_pins {vgatop_inst/pllclk/u_pll/OUTGLOBAL }] 

Single Clock Domain
-------------------------------------------------------------------------------------------------------
   Clock vgatop_inst/pll_clk_internal   |                    |       Period       |     Frequency      
-------------------------------------------------------------------------------------------------------
 From vgatop_inst/pll_clk_internal      |             Target |          39.216 ns |         25.500 MHz 
                                        | Actual (all paths) |          18.425 ns |         54.274 MHz 
-------------------------------------------------------------------------------------------------------

Clock Domain Crossing
------------------------------------------------------------------------------------------------------
   Clock vgatop_inst/pll_clk_internal   |   Worst Time Between Edges   |           Comment            
------------------------------------------------------------------------------------------------------
 From clk                               |                         ---- |                      No path 
------------------------------------------------------------------------------------------------------

2.1.2 Clock "clk"
=======================
create_clock -name {clk} -period 20.8333 [get_pins {hf_osc/CLKHF }] 

Single Clock Domain
-------------------------------------------------------------------------------------------------------
               Clock clk                |                    |       Period       |     Frequency      
-------------------------------------------------------------------------------------------------------
 From clk                               |             Target |          20.833 ns |         48.000 MHz 
                                        | Actual (all paths) |          20.792 ns |         48.095 MHz 
hf_osc/CLKHF (MPW)                      |   (50% duty cycle) |          20.792 ns |         48.095 MHz 
-------------------------------------------------------------------------------------------------------

Clock Domain Crossing
------------------------------------------------------------------------------------------------------
               Clock clk                |   Worst Time Between Edges   |           Comment            
------------------------------------------------------------------------------------------------------
 From vgatop_inst/pll_clk_internal      |                         ---- |                      No path 
------------------------------------------------------------------------------------------------------

2.2  Endpoint slacks
=======================
-------------------------------------------------------
          Listing 10 End Points          |    Slack    
-------------------------------------------------------
fft_ctrl_inst/clk_div_counter_2147__i2/D |   16.749 ns 
fft_ctrl_inst/clk_div_counter_2147__i1/D |   17.013 ns 
vgatop_inst/score/active_d1_c/D          |   20.791 ns 
vgatop_inst/score/clef_rom/addr_d1__i13/D|   22.499 ns 
vgatop_inst/score/clef_rom/addr_d1__i3/SR|   22.680 ns 
{vgatop_inst/score/clef_rom/addr_d1__i4/SR   vgatop_inst/score/clef_rom/addr_d1__i5/SR}              
                                         |   22.680 ns 
{vgatop_inst/score/clef_rom/addr_d1__i6/SR   vgatop_inst/score/clef_rom/addr_d1__i7/SR}              
                                         |   22.680 ns 
{vgatop_inst/score/clef_rom/addr_d1__i8/SR   vgatop_inst/score/clef_rom/addr_d1__i9/SR}              
                                         |   22.680 ns 
vgatop_inst/score/clef_rom/addr_d1__i12/D|   22.776 ns 
vgatop_inst/score/clef_rom/addr_d1__i11/D|   23.053 ns 
-------------------------------------------------------
                                         |             
Setup # of endpoints with negative slack:|           0 
                                         |             
-------------------------------------------------------

2.3  Detailed Report
=======================


XXXXXXXXXXXXXXXXXXXXXXXXXXXXXXXXXXXXXXXXXXXXXXXXXXXXXXXXXX

Detail report of critical paths

XXXXXXXXXXXXXXXXXXXXXXXXXXXXXXXXXXXXXXXXXXXXXXXXXXXXXXXXXX

 +++++++++++++++++++++++++++++++++++++++++++++++++++++++++++++++++++++
                    Detailed Report for timing paths 
 +++++++++++++++++++++++++++++++++++++++++++++++++++++++++++++++++++++

 ++++Path 1  ++++++++++++++++++++++++++++++++++++++++++++++++++++++++++

Path Begin       : fft_ctrl_inst/clk_div_counter_2147__i1/Q  (SLICE_R14C2C)
Path End         : fft_ctrl_inst/clk_div_counter_2147__i2/D  (SLICE_R14C2C)
Source Clock     : clk (R)
Destination Clock: clk (R)
Logic Level      : 2
Delay Ratio      : 52.0% (route), 48.0% (logic)
Clock Skew       : 0.000 ns 
Setup Constraint : 20.833 ns 
Path Slack       : 16.749 ns  (Passed)


Source Clock Path
Name                                      Cell/Site Name     Delay Name       Incr      Arrival/Required Time  Fanout  
----------------------------------------  -----------------  ---------------  --------  ---------------------  ------  
hf_osc/CLKHF                              HFOSC_HFOSC_R1C32  CLOCK LATENCY       0.000                  0.000  3       
vgatop_inst/pllclk/clk                                       NET DELAY           5.499                  5.499  3       
{fft_ctrl_inst/clk_div_counter_2147__i1/CK   fft_ctrl_inst/clk_div_counter_2147__i2/CK}
                                                             CLOCK PIN           0.000                  5.499  1       


Data Path
Name                                      Cell/Site Name     Delay Name       Incr      Arrival/Required Time  Fanout  
----------------------------------------  -----------------  ---------------  --------  ---------------------  ------  
fft_ctrl_inst/clk_div_counter_2147__i1/CK->fft_ctrl_inst/clk_div_counter_2147__i1/Q
                                          SLICE_R14C2C       CLK_TO_Q0_DELAY     1.388                  6.887  2       
fft_ctrl_inst/n2                                             NET DELAY           2.022                  8.909  2       
fft_ctrl_inst/i17926_2_lut/B->fft_ctrl_inst/i17926_2_lut/Z
                                          SLICE_R14C2C       C1_TO_F1_DELAY      0.476                  9.385  1       
fft_ctrl_inst/n13_2[1]                                       NET DELAY           0.000                  9.385  1       
fft_ctrl_inst/clk_div_counter_2147__i2/D                     ENDPOINT            0.000                  9.385  1       


Destination Clock Path
Name                                      Cell/Site Name     Delay Name       Incr      Arrival/Required Time  Fanout  
----------------------------------------  -----------------  ---------------  --------  ---------------------  ------  
                                                             CONSTRAINT          0.000                 20.833  1       
hf_osc/CLKHF                              HFOSC_HFOSC_R1C32  CLOCK LATENCY       0.000                 20.833  3       
vgatop_inst/pllclk/clk                                       NET DELAY           5.499                 26.332  3       
{fft_ctrl_inst/clk_div_counter_2147__i1/CK   fft_ctrl_inst/clk_div_counter_2147__i2/CK}
                                                             CLOCK PIN           0.000                 26.332  1       
                                                             Uncertainty      -(0.000)                 26.332  
                                                             Setup time       -(0.198)                 26.134  
----------------------------------------  -----------------  ---------------  --------  ---------------------  ------  
Required Time                                                                                          26.134  
Arrival Time                                                                                         -(9.384)  
----------------------------------------  -----------------  ---------------  --------  ---------------------  ------  
Path Slack  (Passed)                                                                                   16.749  




++++ Path 2 ++++++++++++++++++++++++++++++++++++++++++++++++++++++++++ 

Path Begin       : fft_ctrl_inst/clk_div_counter_2147__i1/Q  (SLICE_R14C2C)
Path End         : fft_ctrl_inst/clk_div_counter_2147__i1/D  (SLICE_R14C2C)
Source Clock     : clk (R)
Destination Clock: clk (R)
Logic Level      : 2
Delay Ratio      : 48.5% (route), 51.5% (logic)
Clock Skew       : 0.000 ns 
Setup Constraint : 20.833 ns 
Path Slack       : 17.013 ns  (Passed)


Source Clock Path
Name                                      Cell/Site Name     Delay Name       Incr      Arrival/Required Time  Fanout  
----------------------------------------  -----------------  ---------------  --------  ---------------------  ------  
hf_osc/CLKHF                              HFOSC_HFOSC_R1C32  CLOCK LATENCY       0.000                  0.000  3       
vgatop_inst/pllclk/clk                                       NET DELAY           5.499                  5.499  3       
{fft_ctrl_inst/clk_div_counter_2147__i1/CK   fft_ctrl_inst/clk_div_counter_2147__i2/CK}
                                                             CLOCK PIN           0.000                  5.499  1       


Data Path
Name                                      Cell/Site Name     Delay Name       Incr      Arrival/Required Time  Fanout  
----------------------------------------  -----------------  ---------------  --------  ---------------------  ------  
fft_ctrl_inst/clk_div_counter_2147__i1/CK->fft_ctrl_inst/clk_div_counter_2147__i1/Q
                                          SLICE_R14C2C       CLK_TO_Q0_DELAY     1.388                  6.887  2       
fft_ctrl_inst/n2                                             NET DELAY           1.758                  8.645  2       
fft_ctrl_inst/i17924_1_lut/A->fft_ctrl_inst/i17924_1_lut/Z
                                          SLICE_R14C2C       D0_TO_F0_DELAY      0.476                  9.121  1       
fft_ctrl_inst/n13_2[0]                                       NET DELAY           0.000                  9.121  1       
fft_ctrl_inst/clk_div_counter_2147__i1/D                     ENDPOINT            0.000                  9.121  1       


Destination Clock Path
Name                                      Cell/Site Name     Delay Name       Incr      Arrival/Required Time  Fanout  
----------------------------------------  -----------------  ---------------  --------  ---------------------  ------  
                                                             CONSTRAINT          0.000                 20.833  1       
hf_osc/CLKHF                              HFOSC_HFOSC_R1C32  CLOCK LATENCY       0.000                 20.833  3       
vgatop_inst/pllclk/clk                                       NET DELAY           5.499                 26.332  3       
{fft_ctrl_inst/clk_div_counter_2147__i1/CK   fft_ctrl_inst/clk_div_counter_2147__i2/CK}
                                                             CLOCK PIN           0.000                 26.332  1       
                                                             Uncertainty      -(0.000)                 26.332  
                                                             Setup time       -(0.198)                 26.134  
----------------------------------------  -----------------  ---------------  --------  ---------------------  ------  
Required Time                                                                                          26.134  
Arrival Time                                                                                         -(9.120)  
----------------------------------------  -----------------  ---------------  --------  ---------------------  ------  
Path Slack  (Passed)                                                                                   17.013  




++++ Path 3 ++++++++++++++++++++++++++++++++++++++++++++++++++++++++++ 

Path Begin       : vgatop_inst/vgactrl/vcount_2149__i7/Q  (SLICE_R21C22D)
Path End         : vgatop_inst/score/active_d1_c/D  (SLICE_R18C13D)
Source Clock     : vgatop_inst/pll_clk_internal (R)
Destination Clock: vgatop_inst/pll_clk_internal (R)
Logic Level      : 6
Delay Ratio      : 79.9% (route), 20.1% (logic)
Clock Skew       : 0.000 ns 
Setup Constraint : 39.215 ns 
Path Slack       : 20.790 ns  (Passed)


Source Clock Path
Name                                      Cell/Site Name     Delay Name       Incr      Arrival/Required Time  Fanout  
----------------------------------------  -----------------  ---------------  --------  ---------------------  ------  
hf_osc/CLKHF                              HFOSC_HFOSC_R1C32  CLOCK LATENCY       0.000                  0.000  3       
vgatop_inst/pllclk/clk                                       NET DELAY           4.957                  4.957  3       
vgatop_inst/pllclk/u_pll/REFERENCECLK->vgatop_inst/pllclk/u_pll/OUTGLOBAL
                                          PLL_PLL_R13C32                         0.000                  4.957  147     
vgatop_inst/pllclk/u_pll/REFERENCECLK->vgatop_inst/pllclk/u_pll/OUTGLOBAL (TOTAL_ADJUSTMENTS)
                                          PLL_PLL_R13C32                         0.150                  5.107  147     
vgatop_inst/pllclk/pll_clk_internal                          NET DELAY           5.499                 10.606  147     
{vgatop_inst/vgactrl/vcount_2149__i7/CK   vgatop_inst/vgactrl/vcount_2149__i6/CK}
                                                             CLOCK PIN           0.000                 10.606  1       


Data Path
Name                                      Cell/Site Name     Delay Name       Incr      Arrival/Required Time  Fanout  
----------------------------------------  -----------------  ---------------  --------  ---------------------  ------  
vgatop_inst/vgactrl/vcount_2149__i7/CK->vgatop_inst/vgactrl/vcount_2149__i7/Q
                                          SLICE_R21C22D      CLK_TO_Q0_DELAY     1.388                 11.994  8       
vgatop_inst/score/vcount[7]                                  NET DELAY           3.212                 15.206  8       
vgatop_inst/vgactrl/i1_2_lut/B->vgatop_inst/vgactrl/i1_2_lut/Z
                                          SLICE_R22C19A      C0_TO_F0_DELAY      0.449                 15.655  2       
vgatop_inst/score/n13223                                     NET DELAY           2.551                 18.206  2       
vgatop_inst/vgactrl/i1_4_lut/A->vgatop_inst/vgactrl/i1_4_lut/Z
                                          SLICE_R22C20D      A1_TO_F1_DELAY      0.449                 18.655  1       
vgatop_inst/vgactrl/n4_c                                     NET DELAY           2.168                 20.823  1       
vgatop_inst/vgactrl/i2_4_lut_adj_272/C->vgatop_inst/vgactrl/i2_4_lut_adj_272/Z
                                          SLICE_R22C19B      D1_TO_F1_DELAY      0.449                 21.272  1       
vgatop_inst/vgactrl/n6_adj_2231                              NET DELAY           2.168                 23.440  1       
vgatop_inst/vgactrl/i1_4_lut_adj_274/C->vgatop_inst/vgactrl/i1_4_lut_adj_274/Z
                                          SLICE_R22C19C      D1_TO_F1_DELAY      0.449                 23.889  3       
vgatop_inst/score/active_video                               NET DELAY           4.468                 28.357  3       
vgatop_inst/score/i8870_2_lut_3_lut/C->vgatop_inst/score/i8870_2_lut_3_lut/Z
                                          SLICE_R18C13D      D1_TO_F1_DELAY      0.476                 28.833  1       
vgatop_inst/score/n13384                                     NET DELAY           0.000                 28.833  1       
vgatop_inst/score/active_d1_c/D                              ENDPOINT            0.000                 28.833  1       


Destination Clock Path
Name                                      Cell/Site Name     Delay Name       Incr      Arrival/Required Time  Fanout  
----------------------------------------  -----------------  ---------------  --------  ---------------------  ------  
                                                             CONSTRAINT          0.000                 39.215  1       
hf_osc/CLKHF                              HFOSC_HFOSC_R1C32  CLOCK LATENCY       0.000                 39.215  3       
vgatop_inst/pllclk/clk                                       NET DELAY           4.957                 44.172  3       
vgatop_inst/pllclk/u_pll/REFERENCECLK->vgatop_inst/pllclk/u_pll/OUTGLOBAL
                                          PLL_PLL_R13C32                         0.000                 44.172  147     
vgatop_inst/pllclk/u_pll/REFERENCECLK->vgatop_inst/pllclk/u_pll/OUTGLOBAL (TOTAL_ADJUSTMENTS)
                                          PLL_PLL_R13C32                         0.150                 44.322  147     
vgatop_inst/pllclk/pll_clk_internal                          NET DELAY           5.499                 49.821  147     
vgatop_inst/score/active_d1_c/CK                             CLOCK PIN           0.000                 49.821  1       
                                                             Uncertainty      -(0.000)                 49.821  
                                                             Setup time       -(0.198)                 49.623  
----------------------------------------  -----------------  ---------------  --------  ---------------------  ------  
Required Time                                                                                          49.623  
Arrival Time                                                                                        -(28.833)  
----------------------------------------  -----------------  ---------------  --------  ---------------------  ------  
Path Slack  (Passed)                                                                                   20.790  




++++ Path 4 ++++++++++++++++++++++++++++++++++++++++++++++++++++++++++ 

Path Begin       : vgatop_inst/vgactrl/vcount_2149__i2/Q  (SLICE_R21C19A)
Path End         : vgatop_inst/score/clef_rom/addr_d1__i13/D  (SLICE_R22C23B)
Source Clock     : vgatop_inst/pll_clk_internal (R)
Destination Clock: vgatop_inst/pll_clk_internal (R)
Logic Level      : 12
Delay Ratio      : 68.5% (route), 31.5% (logic)
Clock Skew       : 0.000 ns 
Setup Constraint : 39.215 ns 
Path Slack       : 22.498 ns  (Passed)


Source Clock Path
Name                                      Cell/Site Name     Delay Name           Incr      Arrival/Required Time  Fanout  
----------------------------------------  -----------------  -------------------  --------  ---------------------  ------  
hf_osc/CLKHF                              HFOSC_HFOSC_R1C32  CLOCK LATENCY           0.000                  0.000  3       
vgatop_inst/pllclk/clk                                       NET DELAY               4.957                  4.957  3       
vgatop_inst/pllclk/u_pll/REFERENCECLK->vgatop_inst/pllclk/u_pll/OUTGLOBAL
                                          PLL_PLL_R13C32                             0.000                  4.957  147     
vgatop_inst/pllclk/u_pll/REFERENCECLK->vgatop_inst/pllclk/u_pll/OUTGLOBAL (TOTAL_ADJUSTMENTS)
                                          PLL_PLL_R13C32                             0.150                  5.107  147     
vgatop_inst/pllclk/pll_clk_internal                          NET DELAY               5.499                 10.606  147     
{vgatop_inst/vgactrl/vcount_2149__i3/CK   vgatop_inst/vgactrl/vcount_2149__i2/CK}
                                                             CLOCK PIN               0.000                 10.606  1       


Data Path
Name                                      Cell/Site Name     Delay Name           Incr      Arrival/Required Time  Fanout  
----------------------------------------  -----------------  -------------------  --------  ---------------------  ------  
vgatop_inst/vgactrl/vcount_2149__i2/CK->vgatop_inst/vgactrl/vcount_2149__i2/Q
                                          SLICE_R21C19A      CLK_TO_Q1_DELAY         1.388                 11.994  8       
vgatop_inst/score/vcount[2]                                  NET DELAY               3.265                 15.259  8       
vgatop_inst/score/sub_826_add_2_add_5_1/B1->vgatop_inst/score/sub_826_add_2_add_5_1/CO1
                                          SLICE_R23C21A      B1_TO_COUT1_DELAY       0.357                 15.616  2       
vgatop_inst/score/n22953                                     NET DELAY               0.000                 15.616  2       
vgatop_inst/score/sub_826_add_2_add_5_3/CI0->vgatop_inst/score/sub_826_add_2_add_5_3/CO0
                                          SLICE_R23C21B      CIN0_TO_COUT0_DELAY     0.277                 15.893  2       
vgatop_inst/score/n33966                                     NET DELAY               0.661                 16.554  2       
vgatop_inst/score/sub_826_add_2_add_5_3/D1->vgatop_inst/score/sub_826_add_2_add_5_3/S1
                                          SLICE_R23C21B      D1_TO_F1_DELAY          0.449                 17.003  2       
vgatop_inst/score/n37[2]                                     NET DELAY               3.027                 20.030  2       
vgatop_inst/score/add_4187_3/C1->vgatop_inst/score/add_4187_3/CO1
                                          SLICE_R23C22B      C1_TO_COUT1_DELAY       0.343                 20.373  2       
vgatop_inst/score/n23029                                     NET DELAY               0.000                 20.373  2       
vgatop_inst/score/add_4187_5/CI0->vgatop_inst/score/add_4187_5/CO0
                                          SLICE_R23C22C      CIN0_TO_COUT0_DELAY     0.277                 20.650  2       
vgatop_inst/score/n33972                                     NET DELAY               0.000                 20.650  2       
vgatop_inst/score/add_4187_5/CI1->vgatop_inst/score/add_4187_5/CO1
                                          SLICE_R23C22C      CIN1_TO_COUT1_DELAY     0.277                 20.927  2       
vgatop_inst/score/n23031                                     NET DELAY               0.000                 20.927  2       
vgatop_inst/score/add_4187_7/CI0->vgatop_inst/score/add_4187_7/CO0
                                          SLICE_R23C22D      CIN0_TO_COUT0_DELAY     0.277                 21.204  2       
vgatop_inst/score/n33981                                     NET DELAY               0.000                 21.204  2       
vgatop_inst/score/add_4187_7/CI1->vgatop_inst/score/add_4187_7/CO1
                                          SLICE_R23C22D      CIN1_TO_COUT1_DELAY     0.277                 21.481  2       
vgatop_inst/score/n23033                                     NET DELAY               1.216                 22.697  2       
vgatop_inst/score/add_4187_9/D0->vgatop_inst/score/add_4187_9/S0
                                          SLICE_R23C23A      D0_TO_F0_DELAY          0.449                 23.146  1       
vgatop_inst/score/n8485[9]                                   NET DELAY               2.485                 25.631  1       
vgatop_inst/score/add_4153_11/B0->vgatop_inst/score/add_4153_11/CO0
                                          SLICE_R22C23B      B0_TO_COUT0_DELAY       0.357                 25.988  2       
vgatop_inst/score/n33987                                     NET DELAY               0.661                 26.649  2       
vgatop_inst/score/add_4153_11/D1->vgatop_inst/score/add_4153_11/S1
                                          SLICE_R22C23B      D1_TO_F1_DELAY          0.476                 27.125  1       
vgatop_inst/score/clef_rom/n8416[10]                         NET DELAY               0.000                 27.125  1       
vgatop_inst/score/clef_rom/addr_d1__i13/D
                                                             ENDPOINT                0.000                 27.125  1       


Destination Clock Path
Name                                      Cell/Site Name     Delay Name           Incr      Arrival/Required Time  Fanout  
----------------------------------------  -----------------  -------------------  --------  ---------------------  ------  
                                                             CONSTRAINT              0.000                 39.215  1       
hf_osc/CLKHF                              HFOSC_HFOSC_R1C32  CLOCK LATENCY           0.000                 39.215  3       
vgatop_inst/pllclk/clk                                       NET DELAY               4.957                 44.172  3       
vgatop_inst/pllclk/u_pll/REFERENCECLK->vgatop_inst/pllclk/u_pll/OUTGLOBAL
                                          PLL_PLL_R13C32                             0.000                 44.172  147     
vgatop_inst/pllclk/u_pll/REFERENCECLK->vgatop_inst/pllclk/u_pll/OUTGLOBAL (TOTAL_ADJUSTMENTS)
                                          PLL_PLL_R13C32                             0.150                 44.322  147     
vgatop_inst/pllclk/pll_clk_internal                          NET DELAY               5.499                 49.821  147     
{vgatop_inst/score/clef_rom/addr_d1__i12/CK   vgatop_inst/score/clef_rom/addr_d1__i13/CK}
                                                             CLOCK PIN               0.000                 49.821  1       
                                                             Uncertainty          -(0.000)                 49.821  
                                                             Setup time           -(0.198)                 49.623  
----------------------------------------  -----------------  -------------------  --------  ---------------------  ------  
Required Time                                                                                              49.623  
Arrival Time                                                                                            -(27.125)  
----------------------------------------  -----------------  -------------------  --------  ---------------------  ------  
Path Slack  (Passed)                                                                                       22.498  




++++ Path 5 ++++++++++++++++++++++++++++++++++++++++++++++++++++++++++ 

Path Begin       : vgatop_inst/vgactrl/vcount_2149__i2/Q  (SLICE_R21C19A)
Path End         : vgatop_inst/score/clef_rom/addr_d1__i3/SR  (SLICE_R22C22A)
Source Clock     : vgatop_inst/pll_clk_internal (R)
Destination Clock: vgatop_inst/pll_clk_internal (R)
Logic Level      : 6
Delay Ratio      : 77.0% (route), 23.0% (logic)
Clock Skew       : 0.000 ns 
Setup Constraint : 39.215 ns 
Path Slack       : 22.679 ns  (Passed)


Source Clock Path
Name                                      Cell/Site Name     Delay Name       Incr      Arrival/Required Time  Fanout  
----------------------------------------  -----------------  ---------------  --------  ---------------------  ------  
hf_osc/CLKHF                              HFOSC_HFOSC_R1C32  CLOCK LATENCY       0.000                  0.000  3       
vgatop_inst/pllclk/clk                                       NET DELAY           4.957                  4.957  3       
vgatop_inst/pllclk/u_pll/REFERENCECLK->vgatop_inst/pllclk/u_pll/OUTGLOBAL
                                          PLL_PLL_R13C32                         0.000                  4.957  147     
vgatop_inst/pllclk/u_pll/REFERENCECLK->vgatop_inst/pllclk/u_pll/OUTGLOBAL (TOTAL_ADJUSTMENTS)
                                          PLL_PLL_R13C32                         0.150                  5.107  147     
vgatop_inst/pllclk/pll_clk_internal                          NET DELAY           5.499                 10.606  147     
{vgatop_inst/vgactrl/vcount_2149__i3/CK   vgatop_inst/vgactrl/vcount_2149__i2/CK}
                                                             CLOCK PIN           0.000                 10.606  1       


Data Path
Name                                      Cell/Site Name     Delay Name       Incr      Arrival/Required Time  Fanout  
----------------------------------------  -----------------  ---------------  --------  ---------------------  ------  
vgatop_inst/vgactrl/vcount_2149__i2/CK->vgatop_inst/vgactrl/vcount_2149__i2/Q
                                          SLICE_R21C19A      CLK_TO_Q1_DELAY     1.388                 11.994  8       
vgatop_inst/score/vcount[2]                                  NET DELAY           3.133                 15.127  8       
vgatop_inst/vgactrl/i1_2_lut_adj_276/A->vgatop_inst/vgactrl/i1_2_lut_adj_276/Z
                                          SLICE_R22C21B      C0_TO_F0_DELAY      0.476                 15.603  2       
vgatop_inst/score/n8                                         NET DELAY           0.304                 15.907  2       
vgatop_inst/score/i22111_2_lut_4_lut/B->vgatop_inst/score/i22111_2_lut_4_lut/Z
                                          SLICE_R22C21B      C1_TO_F1_DELAY      0.449                 16.356  1       
vgatop_inst/score/n28012                                     NET DELAY           2.168                 18.524  1       
vgatop_inst/score/i113_4_lut/A->vgatop_inst/score/i113_4_lut/Z
                                          SLICE_R23C20B      D0_TO_F0_DELAY      0.476                 19.000  1       
vgatop_inst/score/n74                                        NET DELAY           0.304                 19.304  1       
vgatop_inst/score/i1_4_lut_adj_194/A->vgatop_inst/score/i1_4_lut_adj_194/Z
                                          SLICE_R23C20B      C1_TO_F1_DELAY      0.449                 19.753  1       
vgatop_inst/score/n80                                        NET DELAY           2.168                 21.921  1       
vgatop_inst/score/i23766_4_lut/A->vgatop_inst/score/i23766_4_lut/Z
                                          SLICE_R23C20C      D1_TO_F1_DELAY      0.449                 22.370  8       
vgatop_inst/score/clef_rom/n13357                            NET DELAY           4.243                 26.613  8       
vgatop_inst/score/clef_rom/addr_d1__i3/SR
                                                             ENDPOINT            0.000                 26.613  1       


Destination Clock Path
Name                                      Cell/Site Name     Delay Name       Incr      Arrival/Required Time  Fanout  
----------------------------------------  -----------------  ---------------  --------  ---------------------  ------  
                                                             CONSTRAINT          0.000                 39.215  1       
hf_osc/CLKHF                              HFOSC_HFOSC_R1C32  CLOCK LATENCY       0.000                 39.215  3       
vgatop_inst/pllclk/clk                                       NET DELAY           4.957                 44.172  3       
vgatop_inst/pllclk/u_pll/REFERENCECLK->vgatop_inst/pllclk/u_pll/OUTGLOBAL
                                          PLL_PLL_R13C32                         0.000                 44.172  147     
vgatop_inst/pllclk/u_pll/REFERENCECLK->vgatop_inst/pllclk/u_pll/OUTGLOBAL (TOTAL_ADJUSTMENTS)
                                          PLL_PLL_R13C32                         0.150                 44.322  147     
vgatop_inst/pllclk/pll_clk_internal                          NET DELAY           5.499                 49.821  147     
vgatop_inst/score/clef_rom/addr_d1__i3/CK
                                                             CLOCK PIN           0.000                 49.821  1       
                                                             Uncertainty      -(0.000)                 49.821  
                                                             Setup time       -(0.529)                 49.292  
----------------------------------------  -----------------  ---------------  --------  ---------------------  ------  
Required Time                                                                                          49.292  
Arrival Time                                                                                        -(26.613)  
----------------------------------------  -----------------  ---------------  --------  ---------------------  ------  
Path Slack  (Passed)                                                                                   22.679  




++++ Path 6 ++++++++++++++++++++++++++++++++++++++++++++++++++++++++++ 

Path Begin       : vgatop_inst/vgactrl/vcount_2149__i2/Q  (SLICE_R21C19A)
Path End         : {vgatop_inst/score/clef_rom/addr_d1__i4/SR   vgatop_inst/score/clef_rom/addr_d1__i5/SR}  (SLICE_R22C22B)
Source Clock     : vgatop_inst/pll_clk_internal (R)
Destination Clock: vgatop_inst/pll_clk_internal (R)
Logic Level      : 6
Delay Ratio      : 77.0% (route), 23.0% (logic)
Clock Skew       : 0.000 ns 
Setup Constraint : 39.215 ns 
Path Slack       : 22.679 ns  (Passed)


Source Clock Path
Name                                      Cell/Site Name     Delay Name       Incr      Arrival/Required Time  Fanout  
----------------------------------------  -----------------  ---------------  --------  ---------------------  ------  
hf_osc/CLKHF                              HFOSC_HFOSC_R1C32  CLOCK LATENCY       0.000                  0.000  3       
vgatop_inst/pllclk/clk                                       NET DELAY           4.957                  4.957  3       
vgatop_inst/pllclk/u_pll/REFERENCECLK->vgatop_inst/pllclk/u_pll/OUTGLOBAL
                                          PLL_PLL_R13C32                         0.000                  4.957  147     
vgatop_inst/pllclk/u_pll/REFERENCECLK->vgatop_inst/pllclk/u_pll/OUTGLOBAL (TOTAL_ADJUSTMENTS)
                                          PLL_PLL_R13C32                         0.150                  5.107  147     
vgatop_inst/pllclk/pll_clk_internal                          NET DELAY           5.499                 10.606  147     
{vgatop_inst/vgactrl/vcount_2149__i3/CK   vgatop_inst/vgactrl/vcount_2149__i2/CK}
                                                             CLOCK PIN           0.000                 10.606  1       


Data Path
Name                                      Cell/Site Name     Delay Name       Incr      Arrival/Required Time  Fanout  
----------------------------------------  -----------------  ---------------  --------  ---------------------  ------  
vgatop_inst/vgactrl/vcount_2149__i2/CK->vgatop_inst/vgactrl/vcount_2149__i2/Q
                                          SLICE_R21C19A      CLK_TO_Q1_DELAY     1.388                 11.994  8       
vgatop_inst/score/vcount[2]                                  NET DELAY           3.133                 15.127  8       
vgatop_inst/vgactrl/i1_2_lut_adj_276/A->vgatop_inst/vgactrl/i1_2_lut_adj_276/Z
                                          SLICE_R22C21B      C0_TO_F0_DELAY      0.476                 15.603  2       
vgatop_inst/score/n8                                         NET DELAY           0.304                 15.907  2       
vgatop_inst/score/i22111_2_lut_4_lut/B->vgatop_inst/score/i22111_2_lut_4_lut/Z
                                          SLICE_R22C21B      C1_TO_F1_DELAY      0.449                 16.356  1       
vgatop_inst/score/n28012                                     NET DELAY           2.168                 18.524  1       
vgatop_inst/score/i113_4_lut/A->vgatop_inst/score/i113_4_lut/Z
                                          SLICE_R23C20B      D0_TO_F0_DELAY      0.476                 19.000  1       
vgatop_inst/score/n74                                        NET DELAY           0.304                 19.304  1       
vgatop_inst/score/i1_4_lut_adj_194/A->vgatop_inst/score/i1_4_lut_adj_194/Z
                                          SLICE_R23C20B      C1_TO_F1_DELAY      0.449                 19.753  1       
vgatop_inst/score/n80                                        NET DELAY           2.168                 21.921  1       
vgatop_inst/score/i23766_4_lut/A->vgatop_inst/score/i23766_4_lut/Z
                                          SLICE_R23C20C      D1_TO_F1_DELAY      0.449                 22.370  8       
vgatop_inst/score/clef_rom/n13357                            NET DELAY           4.243                 26.613  8       
{vgatop_inst/score/clef_rom/addr_d1__i4/SR   vgatop_inst/score/clef_rom/addr_d1__i5/SR}
                                                             ENDPOINT            0.000                 26.613  1       


Destination Clock Path
Name                                      Cell/Site Name     Delay Name       Incr      Arrival/Required Time  Fanout  
----------------------------------------  -----------------  ---------------  --------  ---------------------  ------  
                                                             CONSTRAINT          0.000                 39.215  1       
hf_osc/CLKHF                              HFOSC_HFOSC_R1C32  CLOCK LATENCY       0.000                 39.215  3       
vgatop_inst/pllclk/clk                                       NET DELAY           4.957                 44.172  3       
vgatop_inst/pllclk/u_pll/REFERENCECLK->vgatop_inst/pllclk/u_pll/OUTGLOBAL
                                          PLL_PLL_R13C32                         0.000                 44.172  147     
vgatop_inst/pllclk/u_pll/REFERENCECLK->vgatop_inst/pllclk/u_pll/OUTGLOBAL (TOTAL_ADJUSTMENTS)
                                          PLL_PLL_R13C32                         0.150                 44.322  147     
vgatop_inst/pllclk/pll_clk_internal                          NET DELAY           5.499                 49.821  147     
{vgatop_inst/score/clef_rom/addr_d1__i4/CK   vgatop_inst/score/clef_rom/addr_d1__i5/CK}
                                                             CLOCK PIN           0.000                 49.821  1       
                                                             Uncertainty      -(0.000)                 49.821  
                                                             Setup time       -(0.529)                 49.292  
----------------------------------------  -----------------  ---------------  --------  ---------------------  ------  
Required Time                                                                                          49.292  
Arrival Time                                                                                        -(26.613)  
----------------------------------------  -----------------  ---------------  --------  ---------------------  ------  
Path Slack  (Passed)                                                                                   22.679  




++++ Path 7 ++++++++++++++++++++++++++++++++++++++++++++++++++++++++++ 

Path Begin       : vgatop_inst/vgactrl/vcount_2149__i2/Q  (SLICE_R21C19A)
Path End         : {vgatop_inst/score/clef_rom/addr_d1__i6/SR   vgatop_inst/score/clef_rom/addr_d1__i7/SR}  (SLICE_R22C22C)
Source Clock     : vgatop_inst/pll_clk_internal (R)
Destination Clock: vgatop_inst/pll_clk_internal (R)
Logic Level      : 6
Delay Ratio      : 77.0% (route), 23.0% (logic)
Clock Skew       : 0.000 ns 
Setup Constraint : 39.215 ns 
Path Slack       : 22.679 ns  (Passed)


Source Clock Path
Name                                      Cell/Site Name     Delay Name       Incr      Arrival/Required Time  Fanout  
----------------------------------------  -----------------  ---------------  --------  ---------------------  ------  
hf_osc/CLKHF                              HFOSC_HFOSC_R1C32  CLOCK LATENCY       0.000                  0.000  3       
vgatop_inst/pllclk/clk                                       NET DELAY           4.957                  4.957  3       
vgatop_inst/pllclk/u_pll/REFERENCECLK->vgatop_inst/pllclk/u_pll/OUTGLOBAL
                                          PLL_PLL_R13C32                         0.000                  4.957  147     
vgatop_inst/pllclk/u_pll/REFERENCECLK->vgatop_inst/pllclk/u_pll/OUTGLOBAL (TOTAL_ADJUSTMENTS)
                                          PLL_PLL_R13C32                         0.150                  5.107  147     
vgatop_inst/pllclk/pll_clk_internal                          NET DELAY           5.499                 10.606  147     
{vgatop_inst/vgactrl/vcount_2149__i3/CK   vgatop_inst/vgactrl/vcount_2149__i2/CK}
                                                             CLOCK PIN           0.000                 10.606  1       


Data Path
Name                                      Cell/Site Name     Delay Name       Incr      Arrival/Required Time  Fanout  
----------------------------------------  -----------------  ---------------  --------  ---------------------  ------  
vgatop_inst/vgactrl/vcount_2149__i2/CK->vgatop_inst/vgactrl/vcount_2149__i2/Q
                                          SLICE_R21C19A      CLK_TO_Q1_DELAY     1.388                 11.994  8       
vgatop_inst/score/vcount[2]                                  NET DELAY           3.133                 15.127  8       
vgatop_inst/vgactrl/i1_2_lut_adj_276/A->vgatop_inst/vgactrl/i1_2_lut_adj_276/Z
                                          SLICE_R22C21B      C0_TO_F0_DELAY      0.476                 15.603  2       
vgatop_inst/score/n8                                         NET DELAY           0.304                 15.907  2       
vgatop_inst/score/i22111_2_lut_4_lut/B->vgatop_inst/score/i22111_2_lut_4_lut/Z
                                          SLICE_R22C21B      C1_TO_F1_DELAY      0.449                 16.356  1       
vgatop_inst/score/n28012                                     NET DELAY           2.168                 18.524  1       
vgatop_inst/score/i113_4_lut/A->vgatop_inst/score/i113_4_lut/Z
                                          SLICE_R23C20B      D0_TO_F0_DELAY      0.476                 19.000  1       
vgatop_inst/score/n74                                        NET DELAY           0.304                 19.304  1       
vgatop_inst/score/i1_4_lut_adj_194/A->vgatop_inst/score/i1_4_lut_adj_194/Z
                                          SLICE_R23C20B      C1_TO_F1_DELAY      0.449                 19.753  1       
vgatop_inst/score/n80                                        NET DELAY           2.168                 21.921  1       
vgatop_inst/score/i23766_4_lut/A->vgatop_inst/score/i23766_4_lut/Z
                                          SLICE_R23C20C      D1_TO_F1_DELAY      0.449                 22.370  8       
vgatop_inst/score/clef_rom/n13357                            NET DELAY           4.243                 26.613  8       
{vgatop_inst/score/clef_rom/addr_d1__i6/SR   vgatop_inst/score/clef_rom/addr_d1__i7/SR}
                                                             ENDPOINT            0.000                 26.613  1       


Destination Clock Path
Name                                      Cell/Site Name     Delay Name       Incr      Arrival/Required Time  Fanout  
----------------------------------------  -----------------  ---------------  --------  ---------------------  ------  
                                                             CONSTRAINT          0.000                 39.215  1       
hf_osc/CLKHF                              HFOSC_HFOSC_R1C32  CLOCK LATENCY       0.000                 39.215  3       
vgatop_inst/pllclk/clk                                       NET DELAY           4.957                 44.172  3       
vgatop_inst/pllclk/u_pll/REFERENCECLK->vgatop_inst/pllclk/u_pll/OUTGLOBAL
                                          PLL_PLL_R13C32                         0.000                 44.172  147     
vgatop_inst/pllclk/u_pll/REFERENCECLK->vgatop_inst/pllclk/u_pll/OUTGLOBAL (TOTAL_ADJUSTMENTS)
                                          PLL_PLL_R13C32                         0.150                 44.322  147     
vgatop_inst/pllclk/pll_clk_internal                          NET DELAY           5.499                 49.821  147     
{vgatop_inst/score/clef_rom/addr_d1__i6/CK   vgatop_inst/score/clef_rom/addr_d1__i7/CK}
                                                             CLOCK PIN           0.000                 49.821  1       
                                                             Uncertainty      -(0.000)                 49.821  
                                                             Setup time       -(0.529)                 49.292  
----------------------------------------  -----------------  ---------------  --------  ---------------------  ------  
Required Time                                                                                          49.292  
Arrival Time                                                                                        -(26.613)  
----------------------------------------  -----------------  ---------------  --------  ---------------------  ------  
Path Slack  (Passed)                                                                                   22.679  




++++ Path 8 ++++++++++++++++++++++++++++++++++++++++++++++++++++++++++ 

Path Begin       : vgatop_inst/vgactrl/vcount_2149__i2/Q  (SLICE_R21C19A)
Path End         : {vgatop_inst/score/clef_rom/addr_d1__i8/SR   vgatop_inst/score/clef_rom/addr_d1__i9/SR}  (SLICE_R22C22D)
Source Clock     : vgatop_inst/pll_clk_internal (R)
Destination Clock: vgatop_inst/pll_clk_internal (R)
Logic Level      : 6
Delay Ratio      : 77.0% (route), 23.0% (logic)
Clock Skew       : 0.000 ns 
Setup Constraint : 39.215 ns 
Path Slack       : 22.679 ns  (Passed)


Source Clock Path
Name                                      Cell/Site Name     Delay Name       Incr      Arrival/Required Time  Fanout  
----------------------------------------  -----------------  ---------------  --------  ---------------------  ------  
hf_osc/CLKHF                              HFOSC_HFOSC_R1C32  CLOCK LATENCY       0.000                  0.000  3       
vgatop_inst/pllclk/clk                                       NET DELAY           4.957                  4.957  3       
vgatop_inst/pllclk/u_pll/REFERENCECLK->vgatop_inst/pllclk/u_pll/OUTGLOBAL
                                          PLL_PLL_R13C32                         0.000                  4.957  147     
vgatop_inst/pllclk/u_pll/REFERENCECLK->vgatop_inst/pllclk/u_pll/OUTGLOBAL (TOTAL_ADJUSTMENTS)
                                          PLL_PLL_R13C32                         0.150                  5.107  147     
vgatop_inst/pllclk/pll_clk_internal                          NET DELAY           5.499                 10.606  147     
{vgatop_inst/vgactrl/vcount_2149__i3/CK   vgatop_inst/vgactrl/vcount_2149__i2/CK}
                                                             CLOCK PIN           0.000                 10.606  1       


Data Path
Name                                      Cell/Site Name     Delay Name       Incr      Arrival/Required Time  Fanout  
----------------------------------------  -----------------  ---------------  --------  ---------------------  ------  
vgatop_inst/vgactrl/vcount_2149__i2/CK->vgatop_inst/vgactrl/vcount_2149__i2/Q
                                          SLICE_R21C19A      CLK_TO_Q1_DELAY     1.388                 11.994  8       
vgatop_inst/score/vcount[2]                                  NET DELAY           3.133                 15.127  8       
vgatop_inst/vgactrl/i1_2_lut_adj_276/A->vgatop_inst/vgactrl/i1_2_lut_adj_276/Z
                                          SLICE_R22C21B      C0_TO_F0_DELAY      0.476                 15.603  2       
vgatop_inst/score/n8                                         NET DELAY           0.304                 15.907  2       
vgatop_inst/score/i22111_2_lut_4_lut/B->vgatop_inst/score/i22111_2_lut_4_lut/Z
                                          SLICE_R22C21B      C1_TO_F1_DELAY      0.449                 16.356  1       
vgatop_inst/score/n28012                                     NET DELAY           2.168                 18.524  1       
vgatop_inst/score/i113_4_lut/A->vgatop_inst/score/i113_4_lut/Z
                                          SLICE_R23C20B      D0_TO_F0_DELAY      0.476                 19.000  1       
vgatop_inst/score/n74                                        NET DELAY           0.304                 19.304  1       
vgatop_inst/score/i1_4_lut_adj_194/A->vgatop_inst/score/i1_4_lut_adj_194/Z
                                          SLICE_R23C20B      C1_TO_F1_DELAY      0.449                 19.753  1       
vgatop_inst/score/n80                                        NET DELAY           2.168                 21.921  1       
vgatop_inst/score/i23766_4_lut/A->vgatop_inst/score/i23766_4_lut/Z
                                          SLICE_R23C20C      D1_TO_F1_DELAY      0.449                 22.370  8       
vgatop_inst/score/clef_rom/n13357                            NET DELAY           4.243                 26.613  8       
{vgatop_inst/score/clef_rom/addr_d1__i8/SR   vgatop_inst/score/clef_rom/addr_d1__i9/SR}
                                                             ENDPOINT            0.000                 26.613  1       


Destination Clock Path
Name                                      Cell/Site Name     Delay Name       Incr      Arrival/Required Time  Fanout  
----------------------------------------  -----------------  ---------------  --------  ---------------------  ------  
                                                             CONSTRAINT          0.000                 39.215  1       
hf_osc/CLKHF                              HFOSC_HFOSC_R1C32  CLOCK LATENCY       0.000                 39.215  3       
vgatop_inst/pllclk/clk                                       NET DELAY           4.957                 44.172  3       
vgatop_inst/pllclk/u_pll/REFERENCECLK->vgatop_inst/pllclk/u_pll/OUTGLOBAL
                                          PLL_PLL_R13C32                         0.000                 44.172  147     
vgatop_inst/pllclk/u_pll/REFERENCECLK->vgatop_inst/pllclk/u_pll/OUTGLOBAL (TOTAL_ADJUSTMENTS)
                                          PLL_PLL_R13C32                         0.150                 44.322  147     
vgatop_inst/pllclk/pll_clk_internal                          NET DELAY           5.499                 49.821  147     
{vgatop_inst/score/clef_rom/addr_d1__i8/CK   vgatop_inst/score/clef_rom/addr_d1__i9/CK}
                                                             CLOCK PIN           0.000                 49.821  1       
                                                             Uncertainty      -(0.000)                 49.821  
                                                             Setup time       -(0.529)                 49.292  
----------------------------------------  -----------------  ---------------  --------  ---------------------  ------  
Required Time                                                                                          49.292  
Arrival Time                                                                                        -(26.613)  
----------------------------------------  -----------------  ---------------  --------  ---------------------  ------  
Path Slack  (Passed)                                                                                   22.679  




++++ Path 9 ++++++++++++++++++++++++++++++++++++++++++++++++++++++++++ 

Path Begin       : vgatop_inst/vgactrl/vcount_2149__i2/Q  (SLICE_R21C19A)
Path End         : vgatop_inst/score/clef_rom/addr_d1__i12/D  (SLICE_R22C23B)
Source Clock     : vgatop_inst/pll_clk_internal (R)
Destination Clock: vgatop_inst/pll_clk_internal (R)
Logic Level      : 11
Delay Ratio      : 69.7% (route), 30.3% (logic)
Clock Skew       : 0.000 ns 
Setup Constraint : 39.215 ns 
Path Slack       : 22.775 ns  (Passed)


Source Clock Path
Name                                      Cell/Site Name     Delay Name           Incr      Arrival/Required Time  Fanout  
----------------------------------------  -----------------  -------------------  --------  ---------------------  ------  
hf_osc/CLKHF                              HFOSC_HFOSC_R1C32  CLOCK LATENCY           0.000                  0.000  3       
vgatop_inst/pllclk/clk                                       NET DELAY               4.957                  4.957  3       
vgatop_inst/pllclk/u_pll/REFERENCECLK->vgatop_inst/pllclk/u_pll/OUTGLOBAL
                                          PLL_PLL_R13C32                             0.000                  4.957  147     
vgatop_inst/pllclk/u_pll/REFERENCECLK->vgatop_inst/pllclk/u_pll/OUTGLOBAL (TOTAL_ADJUSTMENTS)
                                          PLL_PLL_R13C32                             0.150                  5.107  147     
vgatop_inst/pllclk/pll_clk_internal                          NET DELAY               5.499                 10.606  147     
{vgatop_inst/vgactrl/vcount_2149__i3/CK   vgatop_inst/vgactrl/vcount_2149__i2/CK}
                                                             CLOCK PIN               0.000                 10.606  1       


Data Path
Name                                      Cell/Site Name     Delay Name           Incr      Arrival/Required Time  Fanout  
----------------------------------------  -----------------  -------------------  --------  ---------------------  ------  
vgatop_inst/vgactrl/vcount_2149__i2/CK->vgatop_inst/vgactrl/vcount_2149__i2/Q
                                          SLICE_R21C19A      CLK_TO_Q1_DELAY         1.388                 11.994  8       
vgatop_inst/score/vcount[2]                                  NET DELAY               3.265                 15.259  8       
vgatop_inst/score/sub_826_add_2_add_5_1/B1->vgatop_inst/score/sub_826_add_2_add_5_1/CO1
                                          SLICE_R23C21A      B1_TO_COUT1_DELAY       0.357                 15.616  2       
vgatop_inst/score/n22953                                     NET DELAY               0.000                 15.616  2       
vgatop_inst/score/sub_826_add_2_add_5_3/CI0->vgatop_inst/score/sub_826_add_2_add_5_3/CO0
                                          SLICE_R23C21B      CIN0_TO_COUT0_DELAY     0.277                 15.893  2       
vgatop_inst/score/n33966                                     NET DELAY               0.661                 16.554  2       
vgatop_inst/score/sub_826_add_2_add_5_3/D1->vgatop_inst/score/sub_826_add_2_add_5_3/S1
                                          SLICE_R23C21B      D1_TO_F1_DELAY          0.449                 17.003  2       
vgatop_inst/score/n37[2]                                     NET DELAY               3.027                 20.030  2       
vgatop_inst/score/add_4187_3/C1->vgatop_inst/score/add_4187_3/CO1
                                          SLICE_R23C22B      C1_TO_COUT1_DELAY       0.343                 20.373  2       
vgatop_inst/score/n23029                                     NET DELAY               0.000                 20.373  2       
vgatop_inst/score/add_4187_5/CI0->vgatop_inst/score/add_4187_5/CO0
                                          SLICE_R23C22C      CIN0_TO_COUT0_DELAY     0.277                 20.650  2       
vgatop_inst/score/n33972                                     NET DELAY               0.661                 21.311  2       
vgatop_inst/score/add_4187_5/D1->vgatop_inst/score/add_4187_5/S1
                                          SLICE_R23C22C      D1_TO_F1_DELAY          0.449                 21.760  1       
vgatop_inst/score/n8485[6]                                   NET DELAY               2.485                 24.245  1       
vgatop_inst/score/add_4153_7/B1->vgatop_inst/score/add_4153_7/CO1
                                          SLICE_R22C22D      B1_TO_COUT1_DELAY       0.357                 24.602  2       
vgatop_inst/score/n22811                                     NET DELAY               0.555                 25.157  2       
vgatop_inst/score/add_4153_9/CI0->vgatop_inst/score/add_4153_9/CO0
                                          SLICE_R22C23A      CIN0_TO_COUT0_DELAY     0.277                 25.434  2       
vgatop_inst/score/n33978                                     NET DELAY               0.000                 25.434  2       
vgatop_inst/score/add_4153_9/CI1->vgatop_inst/score/add_4153_9/CO1
                                          SLICE_R22C23A      CIN1_TO_COUT1_DELAY     0.277                 25.711  2       
vgatop_inst/score/n22813                                     NET DELAY               0.661                 26.372  2       
vgatop_inst/score/add_4153_11/D0->vgatop_inst/score/add_4153_11/S0
                                          SLICE_R22C23B      D0_TO_F0_DELAY          0.476                 26.848  1       
vgatop_inst/score/clef_rom/n8416[9]                          NET DELAY               0.000                 26.848  1       
vgatop_inst/score/clef_rom/addr_d1__i12/D
                                                             ENDPOINT                0.000                 26.848  1       


Destination Clock Path
Name                                      Cell/Site Name     Delay Name           Incr      Arrival/Required Time  Fanout  
----------------------------------------  -----------------  -------------------  --------  ---------------------  ------  
                                                             CONSTRAINT              0.000                 39.215  1       
hf_osc/CLKHF                              HFOSC_HFOSC_R1C32  CLOCK LATENCY           0.000                 39.215  3       
vgatop_inst/pllclk/clk                                       NET DELAY               4.957                 44.172  3       
vgatop_inst/pllclk/u_pll/REFERENCECLK->vgatop_inst/pllclk/u_pll/OUTGLOBAL
                                          PLL_PLL_R13C32                             0.000                 44.172  147     
vgatop_inst/pllclk/u_pll/REFERENCECLK->vgatop_inst/pllclk/u_pll/OUTGLOBAL (TOTAL_ADJUSTMENTS)
                                          PLL_PLL_R13C32                             0.150                 44.322  147     
vgatop_inst/pllclk/pll_clk_internal                          NET DELAY               5.499                 49.821  147     
{vgatop_inst/score/clef_rom/addr_d1__i12/CK   vgatop_inst/score/clef_rom/addr_d1__i13/CK}
                                                             CLOCK PIN               0.000                 49.821  1       
                                                             Uncertainty          -(0.000)                 49.821  
                                                             Setup time           -(0.198)                 49.623  
----------------------------------------  -----------------  -------------------  --------  ---------------------  ------  
Required Time                                                                                              49.623  
Arrival Time                                                                                            -(26.848)  
----------------------------------------  -----------------  -------------------  --------  ---------------------  ------  
Path Slack  (Passed)                                                                                       22.775  




++++ Path 10 ++++++++++++++++++++++++++++++++++++++++++++++++++++++++++ 

Path Begin       : vgatop_inst/vgactrl/vcount_2149__i2/Q  (SLICE_R21C19A)
Path End         : vgatop_inst/score/clef_rom/addr_d1__i11/D  (SLICE_R22C23A)
Source Clock     : vgatop_inst/pll_clk_internal (R)
Destination Clock: vgatop_inst/pll_clk_internal (R)
Logic Level      : 10
Delay Ratio      : 70.9% (route), 29.1% (logic)
Clock Skew       : 0.000 ns 
Setup Constraint : 39.215 ns 
Path Slack       : 23.052 ns  (Passed)


Source Clock Path
Name                                      Cell/Site Name     Delay Name           Incr      Arrival/Required Time  Fanout  
----------------------------------------  -----------------  -------------------  --------  ---------------------  ------  
hf_osc/CLKHF                              HFOSC_HFOSC_R1C32  CLOCK LATENCY           0.000                  0.000  3       
vgatop_inst/pllclk/clk                                       NET DELAY               4.957                  4.957  3       
vgatop_inst/pllclk/u_pll/REFERENCECLK->vgatop_inst/pllclk/u_pll/OUTGLOBAL
                                          PLL_PLL_R13C32                             0.000                  4.957  147     
vgatop_inst/pllclk/u_pll/REFERENCECLK->vgatop_inst/pllclk/u_pll/OUTGLOBAL (TOTAL_ADJUSTMENTS)
                                          PLL_PLL_R13C32                             0.150                  5.107  147     
vgatop_inst/pllclk/pll_clk_internal                          NET DELAY               5.499                 10.606  147     
{vgatop_inst/vgactrl/vcount_2149__i3/CK   vgatop_inst/vgactrl/vcount_2149__i2/CK}
                                                             CLOCK PIN               0.000                 10.606  1       


Data Path
Name                                      Cell/Site Name     Delay Name           Incr      Arrival/Required Time  Fanout  
----------------------------------------  -----------------  -------------------  --------  ---------------------  ------  
vgatop_inst/vgactrl/vcount_2149__i2/CK->vgatop_inst/vgactrl/vcount_2149__i2/Q
                                          SLICE_R21C19A      CLK_TO_Q1_DELAY         1.388                 11.994  8       
vgatop_inst/score/vcount[2]                                  NET DELAY               3.265                 15.259  8       
vgatop_inst/score/sub_826_add_2_add_5_1/B1->vgatop_inst/score/sub_826_add_2_add_5_1/CO1
                                          SLICE_R23C21A      B1_TO_COUT1_DELAY       0.357                 15.616  2       
vgatop_inst/score/n22953                                     NET DELAY               0.000                 15.616  2       
vgatop_inst/score/sub_826_add_2_add_5_3/CI0->vgatop_inst/score/sub_826_add_2_add_5_3/CO0
                                          SLICE_R23C21B      CIN0_TO_COUT0_DELAY     0.277                 15.893  2       
vgatop_inst/score/n33966                                     NET DELAY               0.661                 16.554  2       
vgatop_inst/score/sub_826_add_2_add_5_3/D1->vgatop_inst/score/sub_826_add_2_add_5_3/S1
                                          SLICE_R23C21B      D1_TO_F1_DELAY          0.449                 17.003  2       
vgatop_inst/score/n37[2]                                     NET DELAY               3.027                 20.030  2       
vgatop_inst/score/add_4187_3/C1->vgatop_inst/score/add_4187_3/CO1
                                          SLICE_R23C22B      C1_TO_COUT1_DELAY       0.343                 20.373  2       
vgatop_inst/score/n23029                                     NET DELAY               0.000                 20.373  2       
vgatop_inst/score/add_4187_5/CI0->vgatop_inst/score/add_4187_5/CO0
                                          SLICE_R23C22C      CIN0_TO_COUT0_DELAY     0.277                 20.650  2       
vgatop_inst/score/n33972                                     NET DELAY               0.661                 21.311  2       
vgatop_inst/score/add_4187_5/D1->vgatop_inst/score/add_4187_5/S1
                                          SLICE_R23C22C      D1_TO_F1_DELAY          0.449                 21.760  1       
vgatop_inst/score/n8485[6]                                   NET DELAY               2.485                 24.245  1       
vgatop_inst/score/add_4153_7/B1->vgatop_inst/score/add_4153_7/CO1
                                          SLICE_R22C22D      B1_TO_COUT1_DELAY       0.357                 24.602  2       
vgatop_inst/score/n22811                                     NET DELAY               0.555                 25.157  2       
vgatop_inst/score/add_4153_9/CI0->vgatop_inst/score/add_4153_9/CO0
                                          SLICE_R22C23A      CIN0_TO_COUT0_DELAY     0.277                 25.434  2       
vgatop_inst/score/n33978                                     NET DELAY               0.661                 26.095  2       
vgatop_inst/score/add_4153_9/D1->vgatop_inst/score/add_4153_9/S1
                                          SLICE_R22C23A      D1_TO_F1_DELAY          0.476                 26.571  1       
vgatop_inst/score/clef_rom/n8416[8]                          NET DELAY               0.000                 26.571  1       
vgatop_inst/score/clef_rom/addr_d1__i11/D
                                                             ENDPOINT                0.000                 26.571  1       


Destination Clock Path
Name                                      Cell/Site Name     Delay Name           Incr      Arrival/Required Time  Fanout  
----------------------------------------  -----------------  -------------------  --------  ---------------------  ------  
                                                             CONSTRAINT              0.000                 39.215  1       
hf_osc/CLKHF                              HFOSC_HFOSC_R1C32  CLOCK LATENCY           0.000                 39.215  3       
vgatop_inst/pllclk/clk                                       NET DELAY               4.957                 44.172  3       
vgatop_inst/pllclk/u_pll/REFERENCECLK->vgatop_inst/pllclk/u_pll/OUTGLOBAL
                                          PLL_PLL_R13C32                             0.000                 44.172  147     
vgatop_inst/pllclk/u_pll/REFERENCECLK->vgatop_inst/pllclk/u_pll/OUTGLOBAL (TOTAL_ADJUSTMENTS)
                                          PLL_PLL_R13C32                             0.150                 44.322  147     
vgatop_inst/pllclk/pll_clk_internal                          NET DELAY               5.499                 49.821  147     
{vgatop_inst/score/clef_rom/addr_d1__i10/CK   vgatop_inst/score/clef_rom/addr_d1__i11/CK}
                                                             CLOCK PIN               0.000                 49.821  1       
                                                             Uncertainty          -(0.000)                 49.821  
                                                             Setup time           -(0.198)                 49.623  
----------------------------------------  -----------------  -------------------  --------  ---------------------  ------  
Required Time                                                                                              49.623  
Arrival Time                                                                                            -(26.571)  
----------------------------------------  -----------------  -------------------  --------  ---------------------  ------  
Path Slack  (Passed)                                                                                       23.052  



+++++++++++++++++++++++++++++++++++++++++++++++++++++++++++++++++++++ 
                    End of Detailed Report for timing paths 
+++++++++++++++++++++++++++++++++++++++++++++++++++++++++++++++++++++ 


##########################################################



===============================================================
3  Hold at Speed Grade m Corner at -40 Degrees
===============================================================

3.1  Endpoint slacks
=======================
-------------------------------------------------------
          Listing 10 End Points          |    Slack    
-------------------------------------------------------
vgatop_inst/score/note_x[9]__i28/D       |    1.743 ns 
vgatop_inst/score/note_x[9]__i29/D       |    1.743 ns 
vgatop_inst/score/note_x[9]__i27/D       |    1.743 ns 
vgatop_inst/score/note_y[9]__i34/D       |    1.743 ns 
vgatop_inst/score/note_y[9]__i33/D       |    1.743 ns 
vgatop_inst/vgactrl/vcount_2149__i4/D    |    1.743 ns 
vgatop_inst/vgactrl/vcount_2149__i6/D    |    1.743 ns 
vgatop_inst/vgactrl/vcount_2149__i8/D    |    1.743 ns 
fft_ctrl_inst/clk_div_counter_2147__i1/D |    1.743 ns 
fft_ctrl_inst/clk_div_counter_2147__i2/D |    1.743 ns 
-------------------------------------------------------
                                         |             
Hold # of endpoints with negative slack: |           0 
                                         |             
-------------------------------------------------------

3.2  Detailed Report
=======================


XXXXXXXXXXXXXXXXXXXXXXXXXXXXXXXXXXXXXXXXXXXXXXXXXXXXXXXXXX

Detail report of critical paths

XXXXXXXXXXXXXXXXXXXXXXXXXXXXXXXXXXXXXXXXXXXXXXXXXXXXXXXXXX

 +++++++++++++++++++++++++++++++++++++++++++++++++++++++++++++++++++++
                    Detailed Report for timing paths 
 +++++++++++++++++++++++++++++++++++++++++++++++++++++++++++++++++++++

 ++++Path 1  ++++++++++++++++++++++++++++++++++++++++++++++++++++++++++

Path Begin       : vgatop_inst/score/current_x_pos_i5/Q  (SLICE_R21C12B)
Path End         : vgatop_inst/score/note_x[9]__i28/D  (SLICE_R22C11B)
Source Clock     : vgatop_inst/pll_clk_internal (R)
Destination Clock: vgatop_inst/pll_clk_internal (R)
Logic Level      : 2
Delay Ratio      : 40.8% (route), 59.2% (logic)
Clock Skew       : 0.000 ns 
Hold Constraint  : 0.000 ns 
Path Slack       : 1.743 ns  (Passed)


Source Clock Path
Name                                      Cell/Site Name     Delay Name       Incr   Arrival/Required Time  Fanout  
----------------------------------------  -----------------  ---------------  -----  ---------------------  ------  
hf_osc/CLKHF                              HFOSC_HFOSC_R1C32  CLOCK LATENCY    0.000                  0.000  4       
vgatop_inst/pllclk/clk                                       NET DELAY        2.780                  2.780  4       
vgatop_inst/pllclk/u_pll/REFERENCECLK->vgatop_inst/pllclk/u_pll/OUTGLOBAL
                                          PLL_PLL_R13C32                      0.000                  2.780  147     
vgatop_inst/pllclk/u_pll/REFERENCECLK->vgatop_inst/pllclk/u_pll/OUTGLOBAL (TOTAL_ADJUSTMENTS)
                                          PLL_PLL_R13C32                      0.150                  2.930  147     
vgatop_inst/pllclk/pll_clk_internal                          NET DELAY        3.084                  6.014  147     
{vgatop_inst/score/current_x_pos_i4/CK   vgatop_inst/score/current_x_pos_i5/CK}
                                                             CLOCK PIN        0.000                  6.014  1       


Data Path
Name                                      Cell/Site Name     Delay Name       Incr   Arrival/Required Time  Fanout  
----------------------------------------  -----------------  ---------------  -----  ---------------------  ------  
vgatop_inst/score/current_x_pos_i5/CK->vgatop_inst/score/current_x_pos_i5/Q
                                          SLICE_R21C12B      CLK_TO_Q1_DELAY  0.779                  6.793  11      
vgatop_inst/score/current_x_pos[5]                           NET DELAY        0.712                  7.505  11      
vgatop_inst.score.SLICE_649/D0->vgatop_inst.score.SLICE_649/F0
                                          SLICE_R22C11B      D0_TO_F0_DELAY   0.252                  7.757  1       
vgatop_inst.score.current_x_pos[5].sig_095.FeedThruLUT
                                                             NET DELAY        0.000                  7.757  1       
vgatop_inst/score/note_x[9]__i28/D                           ENDPOINT         0.000                  7.757  1       


Destination Clock Path
Name                                      Cell/Site Name     Delay Name       Incr   Arrival/Required Time  Fanout  
----------------------------------------  -----------------  ---------------  -----  ---------------------  ------  
                                                             CONSTRAINT       0.000                  0.000  1       
hf_osc/CLKHF                              HFOSC_HFOSC_R1C32  CLOCK LATENCY    0.000                  0.000  4       
vgatop_inst/pllclk/clk                                       NET DELAY        2.780                  2.780  4       
vgatop_inst/pllclk/u_pll/REFERENCECLK->vgatop_inst/pllclk/u_pll/OUTGLOBAL
                                          PLL_PLL_R13C32                      0.000                  2.780  147     
vgatop_inst/pllclk/u_pll/REFERENCECLK->vgatop_inst/pllclk/u_pll/OUTGLOBAL (TOTAL_ADJUSTMENTS)
                                          PLL_PLL_R13C32                      0.150                  2.930  147     
vgatop_inst/pllclk/pll_clk_internal                          NET DELAY        3.084                  6.014  147     
{vgatop_inst/score/note_x[9]__i28/CK   vgatop_inst/score/note_x[9]__i29/CK}
                                                             CLOCK PIN        0.000                  6.014  1       
                                                             Uncertainty      0.000                  6.014  
                                                             Hold time        0.000                  6.014  
----------------------------------------  -----------------  ---------------  -----  ---------------------  ------  
Required Time                                                                                       -6.014  
Arrival Time                                                                                         7.757  
----------------------------------------  -----------------  ---------------  -----  ---------------------  ------  
Path Slack  (Passed)                                                                                 1.743  




++++ Path 2 ++++++++++++++++++++++++++++++++++++++++++++++++++++++++++ 

Path Begin       : vgatop_inst/score/current_x_pos_i6/Q  (SLICE_R21C12C)
Path End         : vgatop_inst/score/note_x[9]__i29/D  (SLICE_R22C11B)
Source Clock     : vgatop_inst/pll_clk_internal (R)
Destination Clock: vgatop_inst/pll_clk_internal (R)
Logic Level      : 2
Delay Ratio      : 40.8% (route), 59.2% (logic)
Clock Skew       : 0.000 ns 
Hold Constraint  : 0.000 ns 
Path Slack       : 1.743 ns  (Passed)


Source Clock Path
Name                                      Cell/Site Name     Delay Name       Incr   Arrival/Required Time  Fanout  
----------------------------------------  -----------------  ---------------  -----  ---------------------  ------  
hf_osc/CLKHF                              HFOSC_HFOSC_R1C32  CLOCK LATENCY    0.000                  0.000  4       
vgatop_inst/pllclk/clk                                       NET DELAY        2.780                  2.780  4       
vgatop_inst/pllclk/u_pll/REFERENCECLK->vgatop_inst/pllclk/u_pll/OUTGLOBAL
                                          PLL_PLL_R13C32                      0.000                  2.780  147     
vgatop_inst/pllclk/u_pll/REFERENCECLK->vgatop_inst/pllclk/u_pll/OUTGLOBAL (TOTAL_ADJUSTMENTS)
                                          PLL_PLL_R13C32                      0.150                  2.930  147     
vgatop_inst/pllclk/pll_clk_internal                          NET DELAY        3.084                  6.014  147     
{vgatop_inst/score/current_x_pos_i6/CK   vgatop_inst/score/current_x_pos_i7/CK}
                                                             CLOCK PIN        0.000                  6.014  1       


Data Path
Name                                      Cell/Site Name     Delay Name       Incr   Arrival/Required Time  Fanout  
----------------------------------------  -----------------  ---------------  -----  ---------------------  ------  
vgatop_inst/score/current_x_pos_i6/CK->vgatop_inst/score/current_x_pos_i6/Q
                                          SLICE_R21C12C      CLK_TO_Q0_DELAY  0.779                  6.793  11      
vgatop_inst/score/current_x_pos[6]                           NET DELAY        0.712                  7.505  11      
vgatop_inst.score.SLICE_649/D1->vgatop_inst.score.SLICE_649/F1
                                          SLICE_R22C11B      D1_TO_F1_DELAY   0.252                  7.757  1       
vgatop_inst.score.current_x_pos[6].sig_096.FeedThruLUT
                                                             NET DELAY        0.000                  7.757  1       
vgatop_inst/score/note_x[9]__i29/D                           ENDPOINT         0.000                  7.757  1       


Destination Clock Path
Name                                      Cell/Site Name     Delay Name       Incr   Arrival/Required Time  Fanout  
----------------------------------------  -----------------  ---------------  -----  ---------------------  ------  
                                                             CONSTRAINT       0.000                  0.000  1       
hf_osc/CLKHF                              HFOSC_HFOSC_R1C32  CLOCK LATENCY    0.000                  0.000  4       
vgatop_inst/pllclk/clk                                       NET DELAY        2.780                  2.780  4       
vgatop_inst/pllclk/u_pll/REFERENCECLK->vgatop_inst/pllclk/u_pll/OUTGLOBAL
                                          PLL_PLL_R13C32                      0.000                  2.780  147     
vgatop_inst/pllclk/u_pll/REFERENCECLK->vgatop_inst/pllclk/u_pll/OUTGLOBAL (TOTAL_ADJUSTMENTS)
                                          PLL_PLL_R13C32                      0.150                  2.930  147     
vgatop_inst/pllclk/pll_clk_internal                          NET DELAY        3.084                  6.014  147     
{vgatop_inst/score/note_x[9]__i28/CK   vgatop_inst/score/note_x[9]__i29/CK}
                                                             CLOCK PIN        0.000                  6.014  1       
                                                             Uncertainty      0.000                  6.014  
                                                             Hold time        0.000                  6.014  
----------------------------------------  -----------------  ---------------  -----  ---------------------  ------  
Required Time                                                                                       -6.014  
Arrival Time                                                                                         7.757  
----------------------------------------  -----------------  ---------------  -----  ---------------------  ------  
Path Slack  (Passed)                                                                                 1.743  




++++ Path 3 ++++++++++++++++++++++++++++++++++++++++++++++++++++++++++ 

Path Begin       : vgatop_inst/score/current_x_pos_i4/Q  (SLICE_R21C12B)
Path End         : vgatop_inst/score/note_x[9]__i27/D  (SLICE_R21C11B)
Source Clock     : vgatop_inst/pll_clk_internal (R)
Destination Clock: vgatop_inst/pll_clk_internal (R)
Logic Level      : 2
Delay Ratio      : 40.8% (route), 59.2% (logic)
Clock Skew       : 0.000 ns 
Hold Constraint  : 0.000 ns 
Path Slack       : 1.743 ns  (Passed)


Source Clock Path
Name                                      Cell/Site Name     Delay Name       Incr   Arrival/Required Time  Fanout  
----------------------------------------  -----------------  ---------------  -----  ---------------------  ------  
hf_osc/CLKHF                              HFOSC_HFOSC_R1C32  CLOCK LATENCY    0.000                  0.000  4       
vgatop_inst/pllclk/clk                                       NET DELAY        2.780                  2.780  4       
vgatop_inst/pllclk/u_pll/REFERENCECLK->vgatop_inst/pllclk/u_pll/OUTGLOBAL
                                          PLL_PLL_R13C32                      0.000                  2.780  147     
vgatop_inst/pllclk/u_pll/REFERENCECLK->vgatop_inst/pllclk/u_pll/OUTGLOBAL (TOTAL_ADJUSTMENTS)
                                          PLL_PLL_R13C32                      0.150                  2.930  147     
vgatop_inst/pllclk/pll_clk_internal                          NET DELAY        3.084                  6.014  147     
{vgatop_inst/score/current_x_pos_i4/CK   vgatop_inst/score/current_x_pos_i5/CK}
                                                             CLOCK PIN        0.000                  6.014  1       


Data Path
Name                                      Cell/Site Name     Delay Name       Incr   Arrival/Required Time  Fanout  
----------------------------------------  -----------------  ---------------  -----  ---------------------  ------  
vgatop_inst/score/current_x_pos_i4/CK->vgatop_inst/score/current_x_pos_i4/Q
                                          SLICE_R21C12B      CLK_TO_Q0_DELAY  0.779                  6.793  11      
vgatop_inst/score/current_x_pos[4]                           NET DELAY        0.712                  7.505  11      
vgatop_inst.score.SLICE_647/D1->vgatop_inst.score.SLICE_647/F1
                                          SLICE_R21C11B      D1_TO_F1_DELAY   0.252                  7.757  1       
vgatop_inst.score.current_x_pos[4].sig_094.FeedThruLUT
                                                             NET DELAY        0.000                  7.757  1       
vgatop_inst/score/note_x[9]__i27/D                           ENDPOINT         0.000                  7.757  1       


Destination Clock Path
Name                                      Cell/Site Name     Delay Name       Incr   Arrival/Required Time  Fanout  
----------------------------------------  -----------------  ---------------  -----  ---------------------  ------  
                                                             CONSTRAINT       0.000                  0.000  1       
hf_osc/CLKHF                              HFOSC_HFOSC_R1C32  CLOCK LATENCY    0.000                  0.000  4       
vgatop_inst/pllclk/clk                                       NET DELAY        2.780                  2.780  4       
vgatop_inst/pllclk/u_pll/REFERENCECLK->vgatop_inst/pllclk/u_pll/OUTGLOBAL
                                          PLL_PLL_R13C32                      0.000                  2.780  147     
vgatop_inst/pllclk/u_pll/REFERENCECLK->vgatop_inst/pllclk/u_pll/OUTGLOBAL (TOTAL_ADJUSTMENTS)
                                          PLL_PLL_R13C32                      0.150                  2.930  147     
vgatop_inst/pllclk/pll_clk_internal                          NET DELAY        3.084                  6.014  147     
{vgatop_inst/score/note_x[9]__i26/CK   vgatop_inst/score/note_x[9]__i27/CK}
                                                             CLOCK PIN        0.000                  6.014  1       
                                                             Uncertainty      0.000                  6.014  
                                                             Hold time        0.000                  6.014  
----------------------------------------  -----------------  ---------------  -----  ---------------------  ------  
Required Time                                                                                       -6.014  
Arrival Time                                                                                         7.757  
----------------------------------------  -----------------  ---------------  -----  ---------------------  ------  
Path Slack  (Passed)                                                                                 1.743  




++++ Path 4 ++++++++++++++++++++++++++++++++++++++++++++++++++++++++++ 

Path Begin       : vgatop_inst/score/note_y[9]__i34/Q  (SLICE_R17C13B)
Path End         : vgatop_inst/score/note_y[9]__i34/D  (SLICE_R17C13B)
Source Clock     : vgatop_inst/pll_clk_internal (R)
Destination Clock: vgatop_inst/pll_clk_internal (R)
Logic Level      : 2
Delay Ratio      : 40.8% (route), 59.2% (logic)
Clock Skew       : 0.000 ns 
Hold Constraint  : 0.000 ns 
Path Slack       : 1.743 ns  (Passed)


Source Clock Path
Name                                      Cell/Site Name     Delay Name       Incr   Arrival/Required Time  Fanout  
----------------------------------------  -----------------  ---------------  -----  ---------------------  ------  
hf_osc/CLKHF                              HFOSC_HFOSC_R1C32  CLOCK LATENCY    0.000                  0.000  4       
vgatop_inst/pllclk/clk                                       NET DELAY        2.780                  2.780  4       
vgatop_inst/pllclk/u_pll/REFERENCECLK->vgatop_inst/pllclk/u_pll/OUTGLOBAL
                                          PLL_PLL_R13C32                      0.000                  2.780  147     
vgatop_inst/pllclk/u_pll/REFERENCECLK->vgatop_inst/pllclk/u_pll/OUTGLOBAL (TOTAL_ADJUSTMENTS)
                                          PLL_PLL_R13C32                      0.150                  2.930  147     
vgatop_inst/pllclk/pll_clk_internal                          NET DELAY        3.084                  6.014  147     
{vgatop_inst/score/note_y[9]__i34/CK   vgatop_inst/score/note_y[9]__i33/CK}
                                                             CLOCK PIN        0.000                  6.014  1       


Data Path
Name                                      Cell/Site Name     Delay Name       Incr   Arrival/Required Time  Fanout  
----------------------------------------  -----------------  ---------------  -----  ---------------------  ------  
vgatop_inst/score/note_y[9]__i34/CK->vgatop_inst/score/note_y[9]__i34/Q
                                          SLICE_R17C13B      CLK_TO_Q0_DELAY  0.779                  6.793  3       
vgatop_inst/score/note_y[6][3]                               NET DELAY        0.712                  7.505  3       
vgatop_inst/score/i9106_3_lut_4_lut/A->vgatop_inst/score/i9106_3_lut_4_lut/Z
                                          SLICE_R17C13B      D0_TO_F0_DELAY   0.252                  7.757  1       
vgatop_inst/score/n13620                                     NET DELAY        0.000                  7.757  1       
vgatop_inst/score/note_y[9]__i34/D                           ENDPOINT         0.000                  7.757  1       


Destination Clock Path
Name                                      Cell/Site Name     Delay Name       Incr   Arrival/Required Time  Fanout  
----------------------------------------  -----------------  ---------------  -----  ---------------------  ------  
                                                             CONSTRAINT       0.000                  0.000  1       
hf_osc/CLKHF                              HFOSC_HFOSC_R1C32  CLOCK LATENCY    0.000                  0.000  4       
vgatop_inst/pllclk/clk                                       NET DELAY        2.780                  2.780  4       
vgatop_inst/pllclk/u_pll/REFERENCECLK->vgatop_inst/pllclk/u_pll/OUTGLOBAL
                                          PLL_PLL_R13C32                      0.000                  2.780  147     
vgatop_inst/pllclk/u_pll/REFERENCECLK->vgatop_inst/pllclk/u_pll/OUTGLOBAL (TOTAL_ADJUSTMENTS)
                                          PLL_PLL_R13C32                      0.150                  2.930  147     
vgatop_inst/pllclk/pll_clk_internal                          NET DELAY        3.084                  6.014  147     
{vgatop_inst/score/note_y[9]__i34/CK   vgatop_inst/score/note_y[9]__i33/CK}
                                                             CLOCK PIN        0.000                  6.014  1       
                                                             Uncertainty      0.000                  6.014  
                                                             Hold time        0.000                  6.014  
----------------------------------------  -----------------  ---------------  -----  ---------------------  ------  
Required Time                                                                                       -6.014  
Arrival Time                                                                                         7.757  
----------------------------------------  -----------------  ---------------  -----  ---------------------  ------  
Path Slack  (Passed)                                                                                 1.743  




++++ Path 5 ++++++++++++++++++++++++++++++++++++++++++++++++++++++++++ 

Path Begin       : vgatop_inst/score/note_y[9]__i33/Q  (SLICE_R17C13B)
Path End         : vgatop_inst/score/note_y[9]__i33/D  (SLICE_R17C13B)
Source Clock     : vgatop_inst/pll_clk_internal (R)
Destination Clock: vgatop_inst/pll_clk_internal (R)
Logic Level      : 2
Delay Ratio      : 40.8% (route), 59.2% (logic)
Clock Skew       : 0.000 ns 
Hold Constraint  : 0.000 ns 
Path Slack       : 1.743 ns  (Passed)


Source Clock Path
Name                                      Cell/Site Name     Delay Name       Incr   Arrival/Required Time  Fanout  
----------------------------------------  -----------------  ---------------  -----  ---------------------  ------  
hf_osc/CLKHF                              HFOSC_HFOSC_R1C32  CLOCK LATENCY    0.000                  0.000  4       
vgatop_inst/pllclk/clk                                       NET DELAY        2.780                  2.780  4       
vgatop_inst/pllclk/u_pll/REFERENCECLK->vgatop_inst/pllclk/u_pll/OUTGLOBAL
                                          PLL_PLL_R13C32                      0.000                  2.780  147     
vgatop_inst/pllclk/u_pll/REFERENCECLK->vgatop_inst/pllclk/u_pll/OUTGLOBAL (TOTAL_ADJUSTMENTS)
                                          PLL_PLL_R13C32                      0.150                  2.930  147     
vgatop_inst/pllclk/pll_clk_internal                          NET DELAY        3.084                  6.014  147     
{vgatop_inst/score/note_y[9]__i34/CK   vgatop_inst/score/note_y[9]__i33/CK}
                                                             CLOCK PIN        0.000                  6.014  1       


Data Path
Name                                      Cell/Site Name     Delay Name       Incr   Arrival/Required Time  Fanout  
----------------------------------------  -----------------  ---------------  -----  ---------------------  ------  
vgatop_inst/score/note_y[9]__i33/CK->vgatop_inst/score/note_y[9]__i33/Q
                                          SLICE_R17C13B      CLK_TO_Q1_DELAY  0.779                  6.793  3       
vgatop_inst/score/note_y[6][2]                               NET DELAY        0.712                  7.505  3       
vgatop_inst/score/i9107_3_lut/A->vgatop_inst/score/i9107_3_lut/Z
                                          SLICE_R17C13B      D1_TO_F1_DELAY   0.252                  7.757  1       
vgatop_inst/score/n13621                                     NET DELAY        0.000                  7.757  1       
vgatop_inst/score/note_y[9]__i33/D                           ENDPOINT         0.000                  7.757  1       


Destination Clock Path
Name                                      Cell/Site Name     Delay Name       Incr   Arrival/Required Time  Fanout  
----------------------------------------  -----------------  ---------------  -----  ---------------------  ------  
                                                             CONSTRAINT       0.000                  0.000  1       
hf_osc/CLKHF                              HFOSC_HFOSC_R1C32  CLOCK LATENCY    0.000                  0.000  4       
vgatop_inst/pllclk/clk                                       NET DELAY        2.780                  2.780  4       
vgatop_inst/pllclk/u_pll/REFERENCECLK->vgatop_inst/pllclk/u_pll/OUTGLOBAL
                                          PLL_PLL_R13C32                      0.000                  2.780  147     
vgatop_inst/pllclk/u_pll/REFERENCECLK->vgatop_inst/pllclk/u_pll/OUTGLOBAL (TOTAL_ADJUSTMENTS)
                                          PLL_PLL_R13C32                      0.150                  2.930  147     
vgatop_inst/pllclk/pll_clk_internal                          NET DELAY        3.084                  6.014  147     
{vgatop_inst/score/note_y[9]__i34/CK   vgatop_inst/score/note_y[9]__i33/CK}
                                                             CLOCK PIN        0.000                  6.014  1       
                                                             Uncertainty      0.000                  6.014  
                                                             Hold time        0.000                  6.014  
----------------------------------------  -----------------  ---------------  -----  ---------------------  ------  
Required Time                                                                                       -6.014  
Arrival Time                                                                                         7.757  
----------------------------------------  -----------------  ---------------  -----  ---------------------  ------  
Path Slack  (Passed)                                                                                 1.743  




++++ Path 6 ++++++++++++++++++++++++++++++++++++++++++++++++++++++++++ 

Path Begin       : vgatop_inst/vgactrl/vcount_2149__i0/Q  (SLICE_R21C19B)
Path End         : vgatop_inst/vgactrl/vcount_2149__i4/D  (SLICE_R21C19D)
Source Clock     : vgatop_inst/pll_clk_internal (R)
Destination Clock: vgatop_inst/pll_clk_internal (R)
Logic Level      : 2
Delay Ratio      : 40.8% (route), 59.2% (logic)
Clock Skew       : 0.000 ns 
Hold Constraint  : 0.000 ns 
Path Slack       : 1.743 ns  (Passed)


Source Clock Path
Name                                      Cell/Site Name     Delay Name       Incr   Arrival/Required Time  Fanout  
----------------------------------------  -----------------  ---------------  -----  ---------------------  ------  
hf_osc/CLKHF                              HFOSC_HFOSC_R1C32  CLOCK LATENCY    0.000                  0.000  4       
vgatop_inst/pllclk/clk                                       NET DELAY        2.780                  2.780  4       
vgatop_inst/pllclk/u_pll/REFERENCECLK->vgatop_inst/pllclk/u_pll/OUTGLOBAL
                                          PLL_PLL_R13C32                      0.000                  2.780  147     
vgatop_inst/pllclk/u_pll/REFERENCECLK->vgatop_inst/pllclk/u_pll/OUTGLOBAL (TOTAL_ADJUSTMENTS)
                                          PLL_PLL_R13C32                      0.150                  2.930  147     
vgatop_inst/pllclk/pll_clk_internal                          NET DELAY        3.084                  6.014  147     
{vgatop_inst/vgactrl/vcount_2149__i0/CK   vgatop_inst/vgactrl/vcount_2149__i1/CK}
                                                             CLOCK PIN        0.000                  6.014  1       


Data Path
Name                                      Cell/Site Name     Delay Name       Incr   Arrival/Required Time  Fanout  
----------------------------------------  -----------------  ---------------  -----  ---------------------  ------  
vgatop_inst/vgactrl/vcount_2149__i0/CK->vgatop_inst/vgactrl/vcount_2149__i0/Q
                                          SLICE_R21C19B      CLK_TO_Q0_DELAY  0.779                  6.793  14      
vgatop_inst/score/vcount[0]                                  NET DELAY        0.712                  7.505  14      
vgatop_inst/vgactrl/i1_2_lut_4_lut_adj_263/A->vgatop_inst/vgactrl/i1_2_lut_4_lut_adj_263/Z
                                          SLICE_R21C19D      D1_TO_F1_DELAY   0.252                  7.757  1       
vgatop_inst/vgactrl/n46[4]                                   NET DELAY        0.000                  7.757  1       
vgatop_inst/vgactrl/vcount_2149__i4/D                        ENDPOINT         0.000                  7.757  1       


Destination Clock Path
Name                                      Cell/Site Name     Delay Name       Incr   Arrival/Required Time  Fanout  
----------------------------------------  -----------------  ---------------  -----  ---------------------  ------  
                                                             CONSTRAINT       0.000                  0.000  1       
hf_osc/CLKHF                              HFOSC_HFOSC_R1C32  CLOCK LATENCY    0.000                  0.000  4       
vgatop_inst/pllclk/clk                                       NET DELAY        2.780                  2.780  4       
vgatop_inst/pllclk/u_pll/REFERENCECLK->vgatop_inst/pllclk/u_pll/OUTGLOBAL
                                          PLL_PLL_R13C32                      0.000                  2.780  147     
vgatop_inst/pllclk/u_pll/REFERENCECLK->vgatop_inst/pllclk/u_pll/OUTGLOBAL (TOTAL_ADJUSTMENTS)
                                          PLL_PLL_R13C32                      0.150                  2.930  147     
vgatop_inst/pllclk/pll_clk_internal                          NET DELAY        3.084                  6.014  147     
{vgatop_inst/vgactrl/vcount_2149__i5/CK   vgatop_inst/vgactrl/vcount_2149__i4/CK}
                                                             CLOCK PIN        0.000                  6.014  1       
                                                             Uncertainty      0.000                  6.014  
                                                             Hold time        0.000                  6.014  
----------------------------------------  -----------------  ---------------  -----  ---------------------  ------  
Required Time                                                                                       -6.014  
Arrival Time                                                                                         7.757  
----------------------------------------  -----------------  ---------------  -----  ---------------------  ------  
Path Slack  (Passed)                                                                                 1.743  




++++ Path 7 ++++++++++++++++++++++++++++++++++++++++++++++++++++++++++ 

Path Begin       : vgatop_inst/vgactrl/vcount_2149__i9/Q  (SLICE_R21C22C)
Path End         : vgatop_inst/vgactrl/vcount_2149__i6/D  (SLICE_R21C22D)
Source Clock     : vgatop_inst/pll_clk_internal (R)
Destination Clock: vgatop_inst/pll_clk_internal (R)
Logic Level      : 2
Delay Ratio      : 40.8% (route), 59.2% (logic)
Clock Skew       : 0.000 ns 
Hold Constraint  : 0.000 ns 
Path Slack       : 1.743 ns  (Passed)


Source Clock Path
Name                                      Cell/Site Name     Delay Name       Incr   Arrival/Required Time  Fanout  
----------------------------------------  -----------------  ---------------  -----  ---------------------  ------  
hf_osc/CLKHF                              HFOSC_HFOSC_R1C32  CLOCK LATENCY    0.000                  0.000  4       
vgatop_inst/pllclk/clk                                       NET DELAY        2.780                  2.780  4       
vgatop_inst/pllclk/u_pll/REFERENCECLK->vgatop_inst/pllclk/u_pll/OUTGLOBAL
                                          PLL_PLL_R13C32                      0.000                  2.780  147     
vgatop_inst/pllclk/u_pll/REFERENCECLK->vgatop_inst/pllclk/u_pll/OUTGLOBAL (TOTAL_ADJUSTMENTS)
                                          PLL_PLL_R13C32                      0.150                  2.930  147     
vgatop_inst/pllclk/pll_clk_internal                          NET DELAY        3.084                  6.014  147     
{vgatop_inst/vgactrl/vcount_2149__i9/CK   vgatop_inst/vgactrl/vcount_2149__i8/CK}
                                                             CLOCK PIN        0.000                  6.014  1       


Data Path
Name                                      Cell/Site Name     Delay Name       Incr   Arrival/Required Time  Fanout  
----------------------------------------  -----------------  ---------------  -----  ---------------------  ------  
vgatop_inst/vgactrl/vcount_2149__i9/CK->vgatop_inst/vgactrl/vcount_2149__i9/Q
                                          SLICE_R21C22C      CLK_TO_Q0_DELAY  0.779                  6.793  17      
vgatop_inst/score/clef_rom/vcount[9]                         NET DELAY        0.712                  7.505  17      
vgatop_inst/vgactrl/i1_2_lut_4_lut_adj_265/C->vgatop_inst/vgactrl/i1_2_lut_4_lut_adj_265/Z
                                          SLICE_R21C22D      D1_TO_F1_DELAY   0.252                  7.757  1       
vgatop_inst/vgactrl/n46[6]                                   NET DELAY        0.000                  7.757  1       
vgatop_inst/vgactrl/vcount_2149__i6/D                        ENDPOINT         0.000                  7.757  1       


Destination Clock Path
Name                                      Cell/Site Name     Delay Name       Incr   Arrival/Required Time  Fanout  
----------------------------------------  -----------------  ---------------  -----  ---------------------  ------  
                                                             CONSTRAINT       0.000                  0.000  1       
hf_osc/CLKHF                              HFOSC_HFOSC_R1C32  CLOCK LATENCY    0.000                  0.000  4       
vgatop_inst/pllclk/clk                                       NET DELAY        2.780                  2.780  4       
vgatop_inst/pllclk/u_pll/REFERENCECLK->vgatop_inst/pllclk/u_pll/OUTGLOBAL
                                          PLL_PLL_R13C32                      0.000                  2.780  147     
vgatop_inst/pllclk/u_pll/REFERENCECLK->vgatop_inst/pllclk/u_pll/OUTGLOBAL (TOTAL_ADJUSTMENTS)
                                          PLL_PLL_R13C32                      0.150                  2.930  147     
vgatop_inst/pllclk/pll_clk_internal                          NET DELAY        3.084                  6.014  147     
{vgatop_inst/vgactrl/vcount_2149__i7/CK   vgatop_inst/vgactrl/vcount_2149__i6/CK}
                                                             CLOCK PIN        0.000                  6.014  1       
                                                             Uncertainty      0.000                  6.014  
                                                             Hold time        0.000                  6.014  
----------------------------------------  -----------------  ---------------  -----  ---------------------  ------  
Required Time                                                                                       -6.014  
Arrival Time                                                                                         7.757  
----------------------------------------  -----------------  ---------------  -----  ---------------------  ------  
Path Slack  (Passed)                                                                                 1.743  




++++ Path 8 ++++++++++++++++++++++++++++++++++++++++++++++++++++++++++ 

Path Begin       : vgatop_inst/vgactrl/vcount_2149__i9/Q  (SLICE_R21C22C)
Path End         : vgatop_inst/vgactrl/vcount_2149__i8/D  (SLICE_R21C22C)
Source Clock     : vgatop_inst/pll_clk_internal (R)
Destination Clock: vgatop_inst/pll_clk_internal (R)
Logic Level      : 2
Delay Ratio      : 40.8% (route), 59.2% (logic)
Clock Skew       : 0.000 ns 
Hold Constraint  : 0.000 ns 
Path Slack       : 1.743 ns  (Passed)


Source Clock Path
Name                                      Cell/Site Name     Delay Name       Incr   Arrival/Required Time  Fanout  
----------------------------------------  -----------------  ---------------  -----  ---------------------  ------  
hf_osc/CLKHF                              HFOSC_HFOSC_R1C32  CLOCK LATENCY    0.000                  0.000  4       
vgatop_inst/pllclk/clk                                       NET DELAY        2.780                  2.780  4       
vgatop_inst/pllclk/u_pll/REFERENCECLK->vgatop_inst/pllclk/u_pll/OUTGLOBAL
                                          PLL_PLL_R13C32                      0.000                  2.780  147     
vgatop_inst/pllclk/u_pll/REFERENCECLK->vgatop_inst/pllclk/u_pll/OUTGLOBAL (TOTAL_ADJUSTMENTS)
                                          PLL_PLL_R13C32                      0.150                  2.930  147     
vgatop_inst/pllclk/pll_clk_internal                          NET DELAY        3.084                  6.014  147     
{vgatop_inst/vgactrl/vcount_2149__i9/CK   vgatop_inst/vgactrl/vcount_2149__i8/CK}
                                                             CLOCK PIN        0.000                  6.014  1       


Data Path
Name                                      Cell/Site Name     Delay Name       Incr   Arrival/Required Time  Fanout  
----------------------------------------  -----------------  ---------------  -----  ---------------------  ------  
vgatop_inst/vgactrl/vcount_2149__i9/CK->vgatop_inst/vgactrl/vcount_2149__i9/Q
                                          SLICE_R21C22C      CLK_TO_Q0_DELAY  0.779                  6.793  17      
vgatop_inst/score/clef_rom/vcount[9]                         NET DELAY        0.712                  7.505  17      
vgatop_inst/vgactrl/i1_2_lut_4_lut_adj_267/C->vgatop_inst/vgactrl/i1_2_lut_4_lut_adj_267/Z
                                          SLICE_R21C22C      D1_TO_F1_DELAY   0.252                  7.757  1       
vgatop_inst/vgactrl/n46[8]                                   NET DELAY        0.000                  7.757  1       
vgatop_inst/vgactrl/vcount_2149__i8/D                        ENDPOINT         0.000                  7.757  1       


Destination Clock Path
Name                                      Cell/Site Name     Delay Name       Incr   Arrival/Required Time  Fanout  
----------------------------------------  -----------------  ---------------  -----  ---------------------  ------  
                                                             CONSTRAINT       0.000                  0.000  1       
hf_osc/CLKHF                              HFOSC_HFOSC_R1C32  CLOCK LATENCY    0.000                  0.000  4       
vgatop_inst/pllclk/clk                                       NET DELAY        2.780                  2.780  4       
vgatop_inst/pllclk/u_pll/REFERENCECLK->vgatop_inst/pllclk/u_pll/OUTGLOBAL
                                          PLL_PLL_R13C32                      0.000                  2.780  147     
vgatop_inst/pllclk/u_pll/REFERENCECLK->vgatop_inst/pllclk/u_pll/OUTGLOBAL (TOTAL_ADJUSTMENTS)
                                          PLL_PLL_R13C32                      0.150                  2.930  147     
vgatop_inst/pllclk/pll_clk_internal                          NET DELAY        3.084                  6.014  147     
{vgatop_inst/vgactrl/vcount_2149__i9/CK   vgatop_inst/vgactrl/vcount_2149__i8/CK}
                                                             CLOCK PIN        0.000                  6.014  1       
                                                             Uncertainty      0.000                  6.014  
                                                             Hold time        0.000                  6.014  
----------------------------------------  -----------------  ---------------  -----  ---------------------  ------  
Required Time                                                                                       -6.014  
Arrival Time                                                                                         7.757  
----------------------------------------  -----------------  ---------------  -----  ---------------------  ------  
Path Slack  (Passed)                                                                                 1.743  




++++ Path 9 ++++++++++++++++++++++++++++++++++++++++++++++++++++++++++ 

Path Begin       : fft_ctrl_inst/clk_div_counter_2147__i1/Q  (SLICE_R14C2C)
Path End         : fft_ctrl_inst/clk_div_counter_2147__i1/D  (SLICE_R14C2C)
Source Clock     : clk (R)
Destination Clock: clk (R)
Logic Level      : 2
Delay Ratio      : 40.8% (route), 59.2% (logic)
Clock Skew       : 0.000 ns 
Hold Constraint  : 0.000 ns 
Path Slack       : 1.743 ns  (Passed)


Source Clock Path
Name                                      Cell/Site Name     Delay Name       Incr   Arrival/Required Time  Fanout  
----------------------------------------  -----------------  ---------------  -----  ---------------------  ------  
hf_osc/CLKHF                              HFOSC_HFOSC_R1C32  CLOCK LATENCY    0.000                  0.000  4       
vgatop_inst/pllclk/clk                                       NET DELAY        3.084                  3.084  4       
{fft_ctrl_inst/clk_div_counter_2147__i1/CK   fft_ctrl_inst/clk_div_counter_2147__i2/CK}
                                                             CLOCK PIN        0.000                  3.084  1       


Data Path
Name                                      Cell/Site Name     Delay Name       Incr   Arrival/Required Time  Fanout  
----------------------------------------  -----------------  ---------------  -----  ---------------------  ------  
fft_ctrl_inst/clk_div_counter_2147__i1/CK->fft_ctrl_inst/clk_div_counter_2147__i1/Q
                                          SLICE_R14C2C       CLK_TO_Q0_DELAY  0.779                  3.863  2       
fft_ctrl_inst/n2                                             NET DELAY        0.712                  4.575  2       
fft_ctrl_inst/i17924_1_lut/A->fft_ctrl_inst/i17924_1_lut/Z
                                          SLICE_R14C2C       D0_TO_F0_DELAY   0.252                  4.827  1       
fft_ctrl_inst/n13_2[0]                                       NET DELAY        0.000                  4.827  1       
fft_ctrl_inst/clk_div_counter_2147__i1/D                     ENDPOINT         0.000                  4.827  1       


Destination Clock Path
Name                                      Cell/Site Name     Delay Name       Incr   Arrival/Required Time  Fanout  
----------------------------------------  -----------------  ---------------  -----  ---------------------  ------  
                                                             CONSTRAINT       0.000                  0.000  1       
hf_osc/CLKHF                              HFOSC_HFOSC_R1C32  CLOCK LATENCY    0.000                  0.000  4       
vgatop_inst/pllclk/clk                                       NET DELAY        3.084                  3.084  4       
{fft_ctrl_inst/clk_div_counter_2147__i1/CK   fft_ctrl_inst/clk_div_counter_2147__i2/CK}
                                                             CLOCK PIN        0.000                  3.084  1       
                                                             Uncertainty      0.000                  3.084  
                                                             Hold time        0.000                  3.084  
----------------------------------------  -----------------  ---------------  -----  ---------------------  ------  
Required Time                                                                                       -3.084  
Arrival Time                                                                                         4.827  
----------------------------------------  -----------------  ---------------  -----  ---------------------  ------  
Path Slack  (Passed)                                                                                 1.743  




++++ Path 10 ++++++++++++++++++++++++++++++++++++++++++++++++++++++++++ 

Path Begin       : fft_ctrl_inst/clk_div_counter_2147__i2/Q  (SLICE_R14C2C)
Path End         : fft_ctrl_inst/clk_div_counter_2147__i2/D  (SLICE_R14C2C)
Source Clock     : clk (R)
Destination Clock: clk (R)
Logic Level      : 2
Delay Ratio      : 40.8% (route), 59.2% (logic)
Clock Skew       : 0.000 ns 
Hold Constraint  : 0.000 ns 
Path Slack       : 1.743 ns  (Passed)


Source Clock Path
Name                                      Cell/Site Name     Delay Name       Incr   Arrival/Required Time  Fanout  
----------------------------------------  -----------------  ---------------  -----  ---------------------  ------  
hf_osc/CLKHF                              HFOSC_HFOSC_R1C32  CLOCK LATENCY    0.000                  0.000  4       
vgatop_inst/pllclk/clk                                       NET DELAY        3.084                  3.084  4       
{fft_ctrl_inst/clk_div_counter_2147__i1/CK   fft_ctrl_inst/clk_div_counter_2147__i2/CK}
                                                             CLOCK PIN        0.000                  3.084  1       


Data Path
Name                                      Cell/Site Name     Delay Name       Incr   Arrival/Required Time  Fanout  
----------------------------------------  -----------------  ---------------  -----  ---------------------  ------  
fft_ctrl_inst/clk_div_counter_2147__i2/CK->fft_ctrl_inst/clk_div_counter_2147__i2/Q
                                          SLICE_R14C2C       CLK_TO_Q1_DELAY  0.779                  3.863  225     
fft_ctrl_inst/fftfull/fft/addctrl_inst/addgen/clk
                                                             NET DELAY        0.712                  4.575  225     
fft_ctrl_inst/i17926_2_lut/A->fft_ctrl_inst/i17926_2_lut/Z
                                          SLICE_R14C2C       D1_TO_F1_DELAY   0.252                  4.827  1       
fft_ctrl_inst/n13_2[1]                                       NET DELAY        0.000                  4.827  1       
fft_ctrl_inst/clk_div_counter_2147__i2/D                     ENDPOINT         0.000                  4.827  1       


Destination Clock Path
Name                                      Cell/Site Name     Delay Name       Incr   Arrival/Required Time  Fanout  
----------------------------------------  -----------------  ---------------  -----  ---------------------  ------  
                                                             CONSTRAINT       0.000                  0.000  1       
hf_osc/CLKHF                              HFOSC_HFOSC_R1C32  CLOCK LATENCY    0.000                  0.000  4       
vgatop_inst/pllclk/clk                                       NET DELAY        3.084                  3.084  4       
{fft_ctrl_inst/clk_div_counter_2147__i1/CK   fft_ctrl_inst/clk_div_counter_2147__i2/CK}
                                                             CLOCK PIN        0.000                  3.084  1       
                                                             Uncertainty      0.000                  3.084  
                                                             Hold time        0.000                  3.084  
----------------------------------------  -----------------  ---------------  -----  ---------------------  ------  
Required Time                                                                                       -3.084  
Arrival Time                                                                                         4.827  
----------------------------------------  -----------------  ---------------  -----  ---------------------  ------  
Path Slack  (Passed)                                                                                 1.743  



+++++++++++++++++++++++++++++++++++++++++++++++++++++++++++++++++++++ 
                    End of Detailed Report for timing paths 
+++++++++++++++++++++++++++++++++++++++++++++++++++++++++++++++++++++ 


##########################################################



